# c_x,c_y,i_x,i_y,o_x,o_y,i_d,o_d,vel
-0.05358368,0.07157221999999999,-0.22935228661655316,-1.0246080352619913,0.11424771338344897,1.0903993560423544,1.1101827575215573,1.0325580418268487,4.66551986
-0.43436071,0.19212051000000002,-0.6588522866165505,-0.898185643957639,-0.14345228661655085,1.1685197334008421,1.1131774240118615,1.0188145828624615,4.68762637
-0.81513861,0.31266746,-1.2601522866165524,-0.7236245725290686,-0.6159022866165529,1.3026950703280704,1.1278024423891846,1.0098761219908425,4.7093852599999995
-1.19591718,0.43321329999999997,-1.5608022866165498,-0.6372643939576506,-0.8736022866165527,1.3831751893756845,1.1309569551010596,1.003152272470637,4.7308046599999996
-1.57669629,0.55375812,-1.9903022866165472,-0.5092929166849203,-1.1742522866165501,1.4692731858295858,1.1406784941577757,1.0000645037297589,4.75189248
-1.9574757900000002,0.67430193,-2.2909522866165517,-0.4227421591091627,-1.6467022866165522,1.605799356042354,1.1466090472541202,0.9819712954708771,4.77265442
-2.33825495,0.7948445399999999,-2.720452286616549,-0.29497675506875964,-2.2050522866165494,1.7700569170179605,1.1548962114848815,0.9842673060817705,4.79300046
-2.71903468,0.91538623,-3.0211022866165465,-0.208224572529069,-2.505702286616547,1.8563903905251138,1.1635059409075086,0.9648831743751607,4.81304392
-3.0998148700000003,1.03592695,-3.321752286616551,-0.12186439395765092,-2.8063522866165513,1.943069882358138,1.17887107566421,0.9534299070059683,4.83279134
-3.48059546,1.15646657,-3.7512522866165483,0.00610708331508647,-3.2358522866165487,2.0708864988994975,1.18177073343357,0.94660605707251,4.85224909
-3.8613763800000003,1.27700491,-4.051902286616553,0.09269612074823641,-3.536502286616553,2.1573489393756873,1.199536339337428,0.9383756106214278,4.8714198799999995
-4.24215769,1.39754175,-4.653202286616548,0.2650313899406598,-3.9660022866165505,2.28545691701796,1.2047976494205974,0.929868351240329,4.890227680000001
-4.62293966,1.51807686,-4.9109022866165475,0.3455236417566425,-4.266652286616548,2.3717903905251134,1.2073953469931695,0.9250770155149964,4.90876941
-5.003722290000001,1.6386098700000002,-5.3833522866165495,0.4796833945038941,-4.86795228661655,2.5460139014968988,1.219520196608858,0.9175050791115908,4.92705042
-5.38450556,1.75914048,-5.641052286616549,0.5556718560423519,-4.99680228661655,2.586286498899497,1.2305092245847575,0.9135011575107772,4.94507595
-5.76528945,1.8796684899999998,-6.242352286616551,0.7358232449312396,-5.598102286616552,2.7597226893756854,1.2393429286307491,0.8957940284680306,4.96284641
-6.14607459,2.00019424,-6.414152286616549,0.7804313899406594,-5.898752286616549,2.8488950703280693,1.248874317859135,0.8840030662562489,4.9802972400000005
-6.52686027,2.12071811,-6.972502286616553,0.9498914988994898,-6.3282522866165465,2.9738698823581373,1.2527696357412137,0.8759640847326295,4.99751206
-6.907645990000001,2.24124129,-7.2731522866165506,1.0369070833150857,-6.628902286616551,3.0614139014968984,1.2585768686328727,0.8662454414457618,5.01449535
-7.288431009999999,2.36176577,-7.702652286616548,1.1634143560423595,-7.058402286616548,3.1881489393756937,1.2679216763412948,0.8578008837771367,5.03125146
-7.66921444,2.48229446,-8.003302286616552,1.2512232449312393,-7.359052286616553,3.275122689375685,1.2755983011229515,0.8513384536636656,5.04777906
-8.049996310000001,2.60283143,-8.43280228661655,1.3763236417566418,-7.78855228661655,3.4025903905251127,1.284858657734369,0.8414079701923051,5.06402299
-8.43077413,2.72338046,-8.733452286616547,1.4652914988994894,-8.089202286616548,3.489269882358137,1.2939868239420962,0.8386047528320181,5.0800560400000006
-8.81154664,2.84394531,-9.034102286616552,1.5523070833150854,-8.69050228661655,3.6673993560423526,1.3106717073602614,0.8323030105854108,5.09588195
-9.19231304,2.96452818,-9.463602286616549,1.6788143560423592,-8.81935228661655,3.7035489393756933,1.3140235509478335,0.8277991340612635,5.11150442
-9.57307373,3.08512799,-10.064902286616551,1.8534283215595977,-9.420652286616551,3.8796950703280686,1.3262652081464388,0.8090544737804527,5.126920849999999
-9.953832590000001,3.2057387,-10.19375228661655,1.892490606042351,-9.678352286616551,3.960212864814281,1.3349839014415026,0.8031940381529512,5.14208381
-10.33459266,3.3263447800000003,-10.795052286616553,2.0680686153016197,-10.150802286616553,4.093678106042354,1.3398813284735038,0.7890369665634482,5.15705707
-10.715362070000001,3.4469199699999997,-11.09570228661655,2.154511795066746,-10.408502286616553,4.1749373221440464,1.347211034326184,0.7900456896160916,5.1718436400000005
-11.096153189999999,3.56742421,-11.525202286616548,2.2826913560423563,-11.009802286616548,4.347394839913321,1.3544820535339805,0.7847360460960873,5.18644632
-11.47698355,3.687802,-11.825852286616552,2.369208073991068,-11.310452286616552,4.4340568560423534,1.3639645659239386,0.7646103398796545,5.20086105
-11.85787936,3.8079827,-12.38420228661655,2.533519356042355,-11.73995228661655,4.5620608711938715,1.3788664323181972,0.7632435279174525,5.21504446
-12.2388643,3.9278787299999998,-12.556002286616547,2.5838663004867968,-12.040602286616547,4.648704594137591,1.380922124249293,0.7475946444167223,5.22905166
-12.61996782,4.04739366,-13.114352286616551,2.7461218560423575,-12.341252286616552,4.73613852270902,1.392021662405765,0.7430019074385247,5.24288392
-13.00121991,4.16642872,-13.415002286616549,2.8388548105878115,-12.770752286616549,4.863276747346703,1.3905640366953262,0.7339703663261938,5.25654197
-13.3826483,4.28489512,-13.715652286616553,2.926511856042353,-13.071402286616554,4.950613202196202,1.3986052863130283,0.7348841036585819,5.27001861
-13.764277369999999,4.4027287,-14.14515228661655,3.0527371338201306,-13.500902286616551,5.07787735604235,1.4026913170275355,0.7247014159659341,5.2715096699999995
-14.14611201,4.51988931,-14.445802286616548,3.1410232449312403,-13.801552286616548,5.165127213185215,1.4110584280236975,0.7314734135188604,5.25741451
-14.52815588,4.6363610600000005,-14.875302286616552,3.2668906060423524,-14.231052286616553,5.292500096783094,1.4127844675992696,0.7202700748969114,5.2252861600000005
-14.91040702,4.75214697,-15.17595228661655,3.355474981042356,-14.832352286616548,5.468845070328065,1.4216915746255785,0.720935994674575,5.17369098
-15.292858540000001,4.86726848,-15.605452286616547,3.480873641756638,-15.090052286616547,5.549337322144048,1.421198613119084,0.7115815356198865,5.101452780000001
-15.675499919999998,4.9817686100000005,-16.20675228661655,3.657157432965434,-15.56250228661655,5.682231578264577,1.4271733767698254,0.7095187348197945,5.00744728
-16.05830372,5.09571475,-16.507402286616554,3.7436356060423535,-15.82020228661655,5.764063454403015,1.4247131409733975,0.7094943856412418,4.90315231
-16.44124019,5.20921201,-16.93690228661655,3.8717697727090155,-16.120852286616554,5.85017318582959,1.4263353925750528,0.7165749350593348,4.79395998
-16.82426993,5.3223996300000005,-17.23755228661655,3.958329092884455,-16.72215228661655,6.02320685604235,1.4253037348289035,0.7082081481904613,4.68303053
-17.20735048,5.43542139,-17.667052286616553,4.086357083315086,-17.151652286616553,6.151136498899497,1.4252369117370527,0.7178791025327304,4.57046269
-17.590448950000003,5.548365909999999,-17.96770228661655,4.1729822131852075,-17.45230228661655,6.237761628769626,1.4261838568193939,0.7031009583707524,4.45648298
-17.97357863,5.66120544,-18.268352286616548,4.259232825430111,-17.752952286616548,6.325288522709016,1.4326265112160328,0.6997730518782946,4.34212928
-18.35680043,5.77373738,-18.826702286616552,4.427614356042355,-18.182452286616552,6.452348939375689,1.425782224072301,0.7006503576103843,4.22796313
-18.74023231,5.88556193,-19.12735228661655,4.515548829726569,-18.48310228661655,6.539527213185217,1.4236564793574378,0.7026993955716018,4.11444747
-19.12404141,5.99609656,-19.556852286616554,4.641887133820134,-18.912602286616547,6.6669612791192705,1.4216920991804065,0.7033960294571907,4.001981949999999
-19.50840873,6.1046107,-19.85750228661655,4.730032885454122,-19.21325228661655,6.754072689375683,1.4182138341988195,0.7133850304811458,3.89226703
-19.893566670000002,6.21026585,-20.28700228661655,4.855273641756639,-19.64275228661655,6.881593284613778,1.4109555162451652,0.7166508071419014,3.78701705
-20.27974643,6.3121178,-20.587652286616553,4.944446022709023,-19.943402286616553,6.968485826630584,1.401903030504262,0.7375271989366023,3.6869390799999997
-20.66718095,6.409160679999999,-21.01715228661655,5.069001022709017,-20.50175228661655,7.13845209797784,1.3851021057970632,0.7478185709147398,3.5924636100000003
-21.05605917,6.50036757,-21.317802286616548,5.158755509888508,-20.974202286616553,7.270513901496898,1.3669061339143758,0.7744842937564204,3.5041080800000004
-21.44636238,6.5847044,-21.91910228661655,5.332632213185207,-21.27485228661655,7.363246856042352,1.3383451648595748,0.7972101780539794,3.4226159099999998
-21.83826143,6.66126064,-22.348602286616554,5.460561856042354,-21.53255228661655,7.439251512905102,1.3046552647076888,0.835899442918755,3.3455802300000004
-22.23178739,6.72917574,-22.64925228661655,5.547267168542355,-22.005002286616552,7.5758493560423545,1.2534691105855453,0.8765202195151454,3.2721269
-22.62694566,6.78770947,-22.94990228661655,5.6335756603901785,-22.262702286616552,7.653940265133265,1.1984681193757392,0.9396962410752544,3.20135758
-23.023451180000002,6.83618391,-23.37940228661655,5.761878321559593,-22.864002286616554,7.8264932846137825,1.131739231296607,1.0030636106694069,3.13240344
-23.42077977,6.87426157,-23.68005228661655,5.848236736994728,-23.16465228661655,7.913385826630588,1.0582765214329264,1.0702245131104084,3.06406693
-23.819852140000002,6.903425919999999,-23.980702286616552,5.934392391756639,-23.594152286616552,8.04109483991332,0.9822925982243487,1.1598409352812364,2.99565735
-24.21992912,6.92290538,-24.41020228661655,6.062816300486794,-23.89480228661655,8.127261279119274,0.8808842731211424,1.2474696747934773,2.92686366
-24.61861932,6.93034319,-24.71085228661655,6.147382885454121,-24.36725228661655,8.25617735604235,0.7883741235133644,1.3494523412544845,2.85742723
-25.01821872,6.92417274,-25.22625228661655,6.277685606042347,-24.71085228661655,8.341406917017963,0.6791344338288137,1.4501816565101922,2.7872571099999996
-25.41759489,6.90282898,-25.441002286616552,6.320482213185208,-25.183302286616552,8.429122689375689,0.5828170064745929,1.5441714643393696,2.752139
-25.813657869999997,6.86349408,-25.82755228661655,6.350342689375694,-25.99935228661655,8.472513202196204,0.5133394632334177,1.6196990312880988,2.75532603
-26.207879079999998,6.80624068,-26.08525228661655,6.320814564375688,-26.772452286616552,8.341520166853165,0.5006753880366146,1.6357952220193748,2.76898686
-26.6001263,6.73203176,-26.30000228661655,6.235212828264572,-27.20195228661655,8.1718632021962,0.5804338673269509,1.5605476923515575,2.7824742000000002
-26.98759617,6.6430554,-26.60065228661655,6.0627078408908375,-27.80325228661655,7.827822689375687,0.6975162064438549,1.4383909171531244,2.79613741
-27.37051247,6.53467157,-26.901302286616552,5.846574981042352,-28.103902286616552,7.615578106042356,0.8328475922555587,1.3062233969639128,2.79884401
-27.75029632,6.4006596799999995,-27.11605228661655,5.674774981042354,-28.490452286616552,7.311945467153471,0.9639367666311611,1.1739985693287724,2.7717986199999998
-28.120306499999998,6.24983762,-27.33080228661655,5.499523641756639,-28.748152286616552,7.0991043560423535,1.0891684759015003,1.0561459751001239,2.68926576
-28.490297829999996,6.090764269999999,-27.846202286616553,5.074369772709019,-28.96290228661655,6.925054594137592,1.2032941631744902,0.9588510402369277,2.56057386
-28.85520084,5.92903452,-28.18980228661655,4.816073244931239,-29.39240228661655,6.582093731042356,1.2967027549317023,0.8456191384862228,2.41133117
-29.21932043,5.76866051,-28.490452286616552,4.60244612074824,-29.693052286616552,6.367727213185212,1.3752471676528149,0.7637426181892463,2.26373099
-29.58861968,5.61904315,-28.70520228661655,4.4725988297265715,-29.821902286616552,6.289496856042355,1.4473288743128196,0.7098795295652218,2.14336205
-29.965489910000002,5.486588729999999,-29.34945228661655,4.1292141179471145,-30.25140228661655,6.064597712206741,1.490626777858781,0.6448567830256541,2.04259479
-30.34947836,5.37621714,-29.77895228661655,3.955554810587813,-30.42320228661655,5.980495467153467,1.530941362241283,0.6087589950244318,1.94787934
-30.73957871,5.29194884,-30.337302286616552,3.7859413560423576,-30.80975228661655,5.859996856042358,1.5588087960191293,0.5723660361908433,1.8529153600000001
-31.13494984,5.23761133,-31.11040228661655,3.6578332196787215,-31.36810228661655,5.768131578264573,1.5799688162199224,0.5794927067547849,1.7553925700000002
-31.533866879999998,5.21697197,-31.797602286616552,3.656282885454118,-31.49695228661655,5.766938522709019,1.5828160927043493,0.551204042350296,1.65412331
-31.932908559999998,5.23473387,-32.14120228661655,3.699714117947117,-31.88350228661655,5.808456856042355,1.5490874461244288,0.5758463723624518,1.56229025
-32.32711671,5.29652448,-32.69955228661655,3.826704810587813,-32.05530228661655,5.852122689375683,1.516271123289188,0.6185244142479265,1.50541521
-32.70987497,5.40751176,-33.34380228661655,4.077571856042354,-32.484802286616556,6.035376022709016,1.473296979869141,0.6669866904163536,1.49919931
-33.0741867,5.57019614,-33.816252286616546,4.3424301893756905,-32.613652286616556,6.1081524115979136,1.4345977012225328,0.7081588070919962,1.5290850900000001
-33.41329548,5.78083129,-34.288702286616555,4.682451022709017,-32.871352286616556,6.282063202196198,1.404555548436872,0.7381977070260409,1.5603166
-33.7230895,6.03203429,-34.720154559343825,5.0761593560423535,-33.17164732793887,6.579409356042355,1.3812442296468939,0.7769864426438651,1.59040165
-34.00137818,6.31867244,-35.02023777048752,5.419759356042356,-33.38061657233084,6.794159356042357,1.3587198378027134,0.781941673581527,1.60998385
-34.244951150000006,6.635281399999999,-35.32202875720479,5.849259356042353,-33.50486478661655,6.9659593560423545,1.3333892250687125,0.8106020823304716,1.6114395900000003
-34.45069527,6.97704916,-35.6209944434793,6.364659356042353,-33.72892061994988,7.352509356042354,1.3208411817616905,0.813590194303698,1.5957680399999998
-34.61581697,7.340280959999999,-35.88501061994988,7.008909356042352,-33.85793905132243,7.653159356042352,1.311739174143462,0.8199218440370232,1.57200399
-34.73711362,7.720814020000001,-36.01099728661655,7.4384093560423565,-33.94257581602832,7.9108593560423515,1.3048110937210224,0.816950152513358,1.55442404
-34.81116546,8.113064210000001,-36.13693777048752,8.125609356042354,-34.024866572330836,8.340359356042356,1.325831663502063,0.8184919206468543,1.5613332500000001
-34.83698637,8.51134169,-36.17894968244988,8.683959356042351,-34.0302981882559,8.426259356042351,1.3530197303038027,0.8111626385117124,1.58940357
-34.81569771,8.910618719999999,-36.13720420969348,9.199359356042358,-34.02990100456527,8.941659356042358,1.3526827357641007,0.7864095519244387,1.61889537
-34.74877735,9.30491272,-36.09486281293234,9.500009356042355,-33.97731478661655,9.242309356042355,1.3601502751214016,0.7739984934616917,1.6477655500000001
-34.63831251,9.68873565,-35.96494534217211,10.058359356042352,-33.93651228661655,9.414109356042353,1.3771624288606898,0.753620033487681,1.67615761
-34.48662088,10.057096040000001,-35.75759228661655,10.616709356042357,-33.812673119949885,9.757709356042355,1.3887171706034245,0.7374537068912994,1.70418767
-34.29453205,10.406300980000001,-35.57785304419231,11.003259356042356,-33.68471791161655,10.015409356042355,1.415369943464203,0.7243407658364908,1.7319155599999998
-34.06565152,10.73278891,-35.19602103661655,11.604559356042351,-33.55318353661655,10.230159356042357,1.4274869367839433,0.7178160645351713,1.75877525
-33.80744527,11.037770810000001,-34.848919677920904,12.034059356042356,-33.30049436994989,10.530809356042354,1.4412702069110361,0.7169443010865435,1.7843515499999998
-33.52322482,11.32279544,-34.546402286616555,12.338613901496899,-33.129052286616556,10.736969356042351,1.4417972377937862,0.7060907779592358,1.80946605
-33.21707579,11.57703716,-33.94510228661655,12.811931578264577,-32.871352286616556,10.957241498899506,1.4335225160550416,0.7096981064584585,1.8349702099999998
-32.88771157,11.79430649,-33.60150228661655,13.022704726412726,-32.613652286616556,11.126740606042354,1.420724960838608,0.7216319700739434,1.86128516
-32.53467078,11.979101140000001,-32.95725228661655,13.284978106042352,-32.31300228661655,11.259478321559598,1.3725486440102195,0.7529899878344972,1.8895818500000001
-32.16407905,12.133371239999999,-32.484802286616556,13.409589619200254,-31.96940228661655,11.345666300486798,1.3159014955209707,0.8114050245931135,1.92400626
-31.78268775,12.25697918,-31.88350228661655,13.495893284613778,-31.668752286616552,11.387124981042355,1.243009142928631,0.8772842283209289,1.9708715
-31.39561994,12.354031430000001,-31.282202286616553,13.537661405222678,-31.282202286616553,11.389404167363104,1.1890515053371926,0.9712720112931089,2.0296415899999998
-31.00304042,12.42932105,-31.024502286616553,13.537618348848106,-31.024502286616553,11.389315677881442,1.1085050808871713,1.0402267953451925,2.0917976400000002
-30.607514099999996,12.484011030000001,-30.55205228661655,13.498654356042351,-30.766802286616553,11.386946022709026,1.0161580053446722,1.1085686070866068,2.15731098
-30.209701589999998,12.51947761,-30.03665228661655,13.45498852270903,-30.25140228661655,11.344907083315086,0.9513814845787048,1.1753105420505598,2.2261391799999997
-29.810771640000002,12.53810118,-29.65010228661655,13.412754356042349,-29.86485228661655,11.301761856042354,0.8892878158828134,1.2375215716513843,2.29848834
-29.411352040000004,12.54222147,-29.306502286616553,13.372667689375682,-29.52125228661655,11.25924135604236,0.8370390636403623,1.2876785456848836,2.37389966
-29.01197141,12.53407512,-28.96290228661655,13.327331578264577,-29.177652286616553,11.215623244931237,0.7947726640040405,1.3288210939583884,2.45108033
-28.612956250000003,12.51573424,-28.619302286616552,13.281476747346701,-28.877002286616552,11.173898545231538,0.7657688030589592,1.3675684045807988,2.52958514
-28.214522390000003,12.489055740000001,-27.975052286616553,13.195856856042354,-28.53340228661655,11.130064117947114,0.7462665395508472,1.3959020801174116,2.6088782200000002
-27.816524010000002,12.45562424,-27.67440228661655,13.161496856042355,-27.88915228661655,11.044491356042357,0.7200380089522767,1.4130006662245087,2.68794582
-27.41896799,12.41669385,-27.33080228661655,13.110493731042354,-27.54555228661655,10.998964356042357,0.6993793435521835,1.4233694187340473,2.76422074
-27.02211483,12.37277149,-26.98720228661655,13.066244839913324,-27.24490228661655,10.958828321559594,0.6943516203808477,1.431387276178242,2.8382318300000002
-26.62578267,12.32374318,-26.643602286616552,13.02284305169453,-26.901302286616552,10.914055509888506,0.6993269402358739,1.436360117242505,2.9100952700000002
-26.23007893,12.26948479,-26.04230228661655,12.940781578264577,-26.257052286616553,10.828932885454122,0.6970648791430336,1.4408044113126246,2.97994462
-25.835117760000003,12.210123939999999,-25.69870228661655,12.894848939375684,-25.95640228661655,10.787316300486793,0.6981815710461452,1.427967617088616,3.0476533100000003
-25.44096705,12.145766720000001,-25.35510228661655,12.85121063809364,-25.61280228661655,10.743514117947115,0.7106503213016941,1.4127419114994628,3.11338786
-25.047639580000002,12.07650859,-25.054452286616552,12.809306856042355,-25.26920228661655,10.69647364175664,0.7328299336722849,1.3977075843452746,3.17754111
-24.655169309999998,12.00244519,-24.41020228661655,12.72378582663059,-24.96855228661655,10.657941356042357,0.7618012579406598,1.3805431719290233,3.24012472
-24.26358792,11.92363134,-24.06660228661655,12.679651543542356,-24.32430228661655,10.572225427470926,0.781261728183138,1.3527690766469305,3.30097845
-23.87303847,11.8400296,-23.76595228661655,12.638938522709026,-23.980702286616552,10.527946022709024,0.8060539172138124,1.3164933768177967,3.3589028
-23.4836523,11.75144476,-23.42235228661655,12.594454594137595,-23.68005228661655,10.48675807399107,0.845235631107389,1.279845837791112,3.41420611
-23.09542097,11.65775662,-23.078752286616552,12.550844839913324,-23.336452286616552,10.443428321559594,0.8932437593141566,1.2380183003425604,3.4675332500000002
-22.70830978,11.55927387,-22.43450228661655,12.46608582663059,-22.992852286616554,10.39969882972656,0.9472478388052021,1.1939760098497714,3.51910671
-22.32217652,11.45689247,-22.090902286616547,12.422200096783094,-22.348602286616554,10.314757840890842,0.9926261055164288,1.1424402969746763,3.56912715
-21.93677112,11.35208875,-21.79025228661655,12.386249356042356,-22.005002286616552,10.271241964738003,1.044488356864709,1.082998275764578,3.6174231900000002
-21.551485,11.2466633,-21.446652286616548,12.338013202196201,-21.66140228661655,10.226855509888509,1.096373342807547,1.0257142578073233,3.66409151
-21.165842950000002,11.14249563,-21.103052286616553,12.2936267473467,-21.360752286616552,10.186048545231543,1.1528423642163714,0.9761048486010022,3.70923794
-20.77948804,11.04123667,-20.75945228661655,12.250110871193868,-21.01715228661655,10.14266861530161,1.209040225023864,0.9294669671614276,3.75283974
-20.39213681,10.94415562,-20.11520228661655,12.16516988235815,-20.673552286616548,10.09878288545412,1.252025782132155,0.8909824525729431,3.7948803499999997
-20.00342544,10.85212684,-19.77160228661655,12.121440390525116,-20.02930228661655,10.014023872171386,1.290309600053926,0.8385023529328635,3.83458296
-19.61340899,10.76589405,-19.47095228661655,12.085599356042358,-19.685702286616554,9.970669772709023,1.3273718420756238,0.7985035829153465,3.86867327
-19.22209578,10.68607069,-19.08440228661655,12.035106917017963,-19.34210228661655,9.927248829726565,1.3560450729702902,0.7682526780032357,3.89605319
-18.8294751,10.61306772,-18.783752286616547,11.994177213185203,-18.99850228661655,9.883255509888507,1.3818661323840262,0.7491301968572143,3.91147182
-18.43560665,10.54702441,-18.09655228661655,11.906927356042353,-18.697852286616552,9.842535606042354,1.401532691015099,0.7517162023171351,3.9068517999999997
-18.0406135,10.48782968,-17.752952286616548,11.86364483991332,-18.010652286616548,9.756228321559597,1.4055661947886169,0.7322146010421079,3.86928598
-17.6447035,10.435296750000001,-17.45230228661655,11.826467689375683,-17.667052286616553,9.712969772709023,1.4044126208044558,0.7226726301622006,3.80758605
-17.24798516,10.38927741,-17.10870228661655,11.780654356042348,-17.32345228661655,9.669423244931245,1.3983309782723403,0.7237992167490878,3.7305441700000004
-16.85055319,10.34970921,-16.765102286616553,11.736272689375689,-16.97985228661655,9.625280189375687,1.3891940610395157,0.7358774777831958,3.64358899
-16.45250064,10.31654512,-16.42150228661655,11.692606856042353,-16.67920228661655,9.584835606042354,1.3764108395796575,0.7660237916636734,3.55025222
-16.05404467,10.289666069999999,-15.734302286616547,11.60594483991332,-15.992002286616554,9.498528321559597,1.3545571201895683,0.793566754812251,3.44795582
-15.655221560000001,10.26887431,-15.390702286616552,11.56277016685317,-15.648402286616552,9.455191964738006,1.3206577658019918,0.8137109200941915,3.33967373
-15.256121150000002,10.25402492,-15.090052286616547,11.522954356042348,-15.30480228661655,9.411723244931245,1.2797502807345742,0.8437072744061832,3.2265932900000003
-14.85681079,10.24511858,-14.746452286616552,11.478572689375689,-14.961202286616547,9.367855509888507,1.2383812172367639,0.8834523635982215,3.1095771
-14.4573291,10.242355499999999,-14.40285228661655,11.435145467153468,-14.617602286616552,9.324304810587805,1.1940333449859726,0.9319359219809208,2.9893781400000004
-14.058079000000001,10.2461114,-14.059252286616548,11.391956856042356,-14.316952286616548,9.284211795066746,1.1458460567346724,0.9961256087935917,2.86576475
-13.65890801,10.25674592,-13.372052286616551,11.30562735604235,-13.930402286616548,9.236173641756643,1.0873998679934187,1.0560667201244336,2.73985981
-13.25954828,10.27402169,-13.028452286616549,11.262550096783094,-13.286152286616549,9.155182213185206,1.0151816434387535,1.11915573002476,2.61172089
-12.86060818,10.29896473,-12.684852286616554,11.219490390525117,-12.942552286616554,9.112117168542355,0.9371540032162354,1.1896730520387286,2.48134856
-12.46301663,10.334128320000001,-12.341252286616552,11.176401543542354,-12.598952286616552,9.069077689375689,0.8510292230094271,1.2723331327850986,2.3484341100000004
-12.06558331,10.381785429999999,-11.954702286616552,11.135177213185209,-12.169452286616547,9.024696022709016,0.7615075707552426,1.3610585673235231,2.21318022
-11.67044469,10.443739879999999,-11.654052286616547,11.132538856042352,-11.654052286616547,8.984271167065977,0.6889940059867573,1.4595607678072118,2.07777261
-11.2777141,10.52197344,-11.35340228661655,11.134061628769622,-11.138652286616548,9.023654810587807,0.6167500729019642,1.5047580879281315,1.94419719
-10.8909006,10.619746979999999,-11.09570228661655,11.182217689375683,-10.623252286616548,9.110932885454119,0.5985958818322838,1.5323692738884154,1.8142655099999998
-10.514020290000001,10.74451642,-10.795052286616553,11.305210871193871,-9.893102286616553,9.369011856042356,0.6271819917072573,1.5091560464027558,1.6897433
-10.149424,10.90515729,-10.45145228661655,11.527249356042354,-9.20590228661655,9.793501022709023,0.691534254067992,1.4580853473762605,1.5719563600000002
-9.803437460000001,11.10494613,-10.365552286616548,11.606040390525116,-8.991152286616547,9.958142689375684,0.753039531653793,1.405334598708207,1.45771551
-9.48594527,11.346984260000001,-10.067162812932338,11.905209356042356,-8.429498440462702,10.530809356042354,0.8058716337381532,1.3349986432538739,1.3356797500000002
-9.21106562,11.63474946,-9.860889786616553,12.205859356042353,-8.043567911616549,11.089159356042352,0.8651230900145981,1.2886890472946242,1.29345412
-8.99002804,11.96648501,-9.808920286616548,12.291759356042355,-7.873656916246183,11.389809356042356,0.8811287713847387,1.2565187208389839,1.31744102
-8.82931022,12.3323409,-9.636043331392663,12.721259356042353,-7.615366802745584,12.034059356042356,0.8955868905179748,1.2500521988145479,1.3552336
-8.72989087,12.719640819999999,-9.594978757204785,12.850109356042353,-7.522262286616545,12.377659356042358,0.8748708998963641,1.255116774286497,1.3917177
-8.690259829999999,13.116933069999998,-9.549954391879709,13.150759356042357,-7.443689051322437,12.807159356042355,0.8603597836678363,1.2844837329105785,1.42710369
-8.70903965,13.51538297,-9.549721419269616,13.408459356042357,-7.3999570485213155,13.408459356042357,0.8474541264304849,1.31344201117368,1.46149631
-8.78432591,13.90790896,-9.55340683207109,13.795009356042357,-7.443689051322437,14.052709356042357,0.7773234753096753,1.348434033069051,1.4948392
-8.91207346,14.28623336,-9.636787770487516,14.138609356042352,-7.606014786616548,14.782859356042351,0.7395969702276252,1.3972926101089922,1.52717858
-9.08683616,14.647296729999999,-9.722893027357287,14.353359356042354,-7.74023353661655,15.126459356042353,0.7006907437104339,1.4293129284726267,1.5583433899999999
-9.30172915,14.98538404,-9.850994443479294,14.568109356042356,-8.172417911616549,15.899559356042353,0.6897902032450494,1.4529488571867561,1.5891465500000002
-9.55419902,15.288335459999999,-9.98019534217211,14.739909356042354,-8.29965728661655,16.071359356042358,0.6944379439563518,1.4788513727126553,1.6312650999999998
-9.847365700000001,15.55328,-10.19375228661655,14.953068615301618,-8.81935228661655,16.59153157826458,0.6929916115721857,1.4610879227018416,1.69739851
-10.17103228,15.79104059,-10.494402286616548,15.16830807399107,-9.506552286616547,17.061161628769625,0.7016865024168537,1.4334368192327511,1.77104008
-10.509494,16.00620606,-10.83800228661655,15.33730481058781,-10.064902286616551,17.318443284613778,0.7452157914597161,1.385506522998467,1.8445211499999998
-10.85839815,16.19980229,-10.96685228661655,15.382773872171391,-10.45145228661655,17.446806917017966,0.8241952046018968,1.3117261434953238,1.9237583900000002
-11.21725387,16.3737799,-11.310452286616552,15.468832213185209,-11.009802286616548,17.575770166853168,0.9097341703658666,1.2197609442255701,2.00767546
-11.58490125,16.53134137,-11.782902286616547,15.552380189375683,-11.525202286616548,17.66167016685317,0.9987839624616449,1.1319042164532276,2.0942136600000003
-11.95816603,16.67541027,-12.040602286616547,15.59031935604235,-11.825852286616552,17.71061768937568,1.0882178219264733,1.0436289224712954,2.18244726
-12.33443566,16.80933809,-12.556002286616547,15.683091356042354,-12.040602286616547,17.747841022709018,1.1478342544899514,0.9834255467585363,2.2716865200000003
-12.71319632,16.93627544,-13.028452286616549,15.768757083315087,-12.51305228661655,17.833470166853168,1.2093326414529513,0.9192475248768025,2.361119
-13.09410091,17.05653045,-13.243202286616551,15.808887133820136,-12.985502286616551,17.920161628769627,1.2565210165043958,0.8704323488610672,2.44882983
-13.47683265,17.1706171,-13.715652286616553,15.897607083315087,-13.457952286616553,18.008881578264578,1.2952178663891984,0.8384770740107772,2.5338448700000002
-13.861160559999998,17.278965539999998,-13.973352286616553,15.941713985671988,-13.672702286616548,18.049011628769627,1.3419495903624252,0.7927720350996711,2.61589825
-14.24704988,17.38172104,-14.40285228661655,16.026619772709026,-14.14515228661655,18.14011768937568,1.3640285314175467,0.7652114722882797,2.69518759
-14.634429019999999,17.47904959,-14.875302286616552,16.11339552625512,-14.574652286616548,18.22045009678309,1.3867339154983682,0.7438064058020877,2.77128476
-15.02309406,17.571022890000002,-15.30480228661655,16.198164117947115,-15.004152286616552,18.305585317580814,1.4014637822455493,0.7348066077494987,2.84498377
-15.41295538,17.65772537,-15.777252286616552,16.285154911597907,-15.261852286616552,18.350235826630588,1.4200922151214423,0.7088038356080968,2.91658111
-15.80391761,17.73932592,-16.20675228661655,16.36974882972656,-15.69135228661655,18.434631975089978,1.4275913921310317,0.7043589016071351,2.98624047
-16.19582735,17.816338899999998,-16.42150228661655,16.41018713382013,-16.16380228661655,18.52176988235815,1.4241460481803283,0.7061575430139517,3.0541362800000003
-16.588416889999998,17.88976371,-16.893952286616553,16.499427689375686,-16.378552286616554,18.563844839913322,1.4235118997855583,0.705994703562648,3.12001195
-16.98146458,17.96070814,-17.32345228661655,16.581390606042355,-16.85100228661655,18.652654356042348,1.4210814371315426,0.7041377534901757,3.18430793
-17.37479832,18.03009201,-17.58115228661655,16.628661795066748,-17.280502286616553,18.73552259133647,1.416541071365828,0.7117050280815501,3.24710312
-17.76829542,18.098570430000002,-18.010652286616548,16.712924981042356,-17.752952286616548,18.82373852270903,1.4066805468951464,0.725330389839878,3.30802197
-18.16187318,18.16656038,-18.48310228661655,16.800408073991072,-17.96770228661655,18.864976747346702,1.4034102258966115,0.7249053441761146,3.36649466
-18.55549066,18.23431359,-18.912602286616547,16.884341498899502,-18.654902286616547,18.995027213185203,1.3964073046983694,0.7671817828951024,3.4221479500000003
-18.949121299999998,18.301990449999998,-19.170302286616554,16.929445526255122,-18.86965228661655,19.036294839913324,1.390251990301938,0.7385920803353643,3.47571565
-19.34274675,18.36968175,-19.59980228661655,17.011964356042355,-19.12735228661655,19.083995070328065,1.3818372084874417,0.7460819622898995,3.5274383
-19.73635975,18.43744107,-20.072252286616553,17.099474981042356,-19.556852286616554,19.164758193251657,1.3794843425553314,0.7491415935491952,3.57742991
-20.129952940000003,18.50530822,-20.329952286616553,17.144110518833052,-20.02930228661655,19.250886498899497,1.3758120948404362,0.7523413613468642,3.62579621
-20.52352439,18.57332524,-20.75945228661655,17.224873641756645,-20.28700228661655,19.296904356042354,1.3689352377694741,0.7612551757207091,3.67224079
-20.91705984,18.64154679,-21.231902286616553,17.313330189375684,-20.974202286616553,19.423606856042355,1.365022016073554,0.7841448884635405,3.71724594
-21.31054434,18.710054980000002,-21.489602286616552,17.35872909288446,-21.188952286616548,19.46551063809364,1.363137337701211,0.7651783313657645,3.76095198
-21.703956679999997,18.77897118,-21.962052286616547,17.44482566039018,-21.66140228661655,19.551651543542356,1.358881013793967,0.7738512910115104,3.80342256
-22.09726628,18.8484675,-22.39155228661655,17.526887133820132,-21.91910228661655,19.598628106042355,1.3539493779172231,0.771027459560403,3.8447164899999997
-22.49043413,18.91877578,-22.64925228661655,17.57334612074824,-22.348602286616554,19.680158193251657,1.3547708938655962,0.7744801165985233,3.88458454
-22.88340171,18.99018762,-23.12170228661655,17.65953321967872,-22.82105228661655,19.766360871193868,1.3518240632235257,0.778673465879702,3.92336265
-23.27610246,19.06304233,-23.55120228661655,17.741637133820134,-23.29350228661655,19.852826747346697,1.3497376067575506,0.7899760628335204,3.96113333
-23.66846533,19.13769479,-24.02365228661655,17.829782885454122,-23.50825228661655,19.894931975089982,1.3552827469584916,0.7740002414425883,3.99793169
-24.0604235,19.2144654,-24.28135228661655,17.874304911597903,-23.980702286616552,19.981151543542353,1.358248748731252,0.7708197678855753,4.03379434
-24.45191031,19.29356837,-24.71085228661655,17.95686435604236,-24.23840228661655,20.02889507032807,1.3615537331242393,0.7656964361053757,4.06853739
-24.842912169999998,19.37503063,-25.183302286616552,18.04467324493124,-24.667902286616552,20.109706917017967,1.373213822934078,0.7552335440037016,4.10248543
-25.23347704,19.458595199999998,-25.441002286616552,18.08907566039018,-25.14035228661655,20.195944839913324,1.3851536006365321,0.7432070446201648,4.135741019999999
-25.62373023,19.5436398,-25.87050228661655,18.172004810587815,-25.61280228661655,20.282504594137592,1.3936566980811773,0.7389456028440634,4.16834054
-26.013877380000004,19.62914434,-26.34295228661655,18.259857083315083,-25.82755228661655,20.324510638093642,1.4082747904739312,0.7198967488111112,4.20029074
-26.40421927,19.71377889,-26.60065228661655,18.303963985671984,-26.30000228661655,20.411098939375684,1.4234338742921961,0.7050648416187348,4.2312379
-26.795047779999997,19.79615383,-27.030152286616552,18.388614117947114,-26.772452286616552,20.499113901496898,1.4270396525805928,0.7033231251993376,4.24629379
-27.186572480000002,19.875071679999998,-27.50260228661655,18.475398545231542,-26.98720228661655,20.53981127911927,1.4349075659646684,0.6939936661432912,4.24129666
-27.578936329999998,19.9496455,-27.93210228661655,18.557090606042358,-27.67440228661655,20.668543284613783,1.4366402909560423,0.7252087793148398,4.21447897
-27.972213599999996,20.01928913,-28.18980228661655,18.604216300486797,-27.88915228661655,20.710913800486807,1.4317038623158145,0.6965944778757343,4.166476149999999
-28.366391900000004,20.08361208,-28.66225228661655,18.690483394503893,-28.14685228661655,20.755977213185204,1.424198336862183,0.7072994515533795,4.09859308
-28.761428990000002,20.14227705,-29.09175228661655,18.77494882972656,-28.619302286616552,20.84739935604236,1.406662696684516,0.7193034591138439,4.02683931
-29.15731675,20.194941489999998,-29.306502286616553,18.81300102270903,-29.04880228661655,20.926051543542357,1.3899697045158736,0.739119272617153,3.95427381
-29.55401339,20.24125516,-29.77895228661655,18.90367324493124,-29.52125228661655,21.013135826630588,1.3563638474723823,0.7725755972155605,3.88205394
-29.95149894,20.2809576,-30.25140228661655,18.99069612074824,-29.950752286616552,21.0973515129051,1.3246572017517395,0.8163942543402501,3.8099697800000003
-30.34942289,20.3138527,-30.466152286616552,19.03238288545412,-30.208452286616552,21.141719882358153,1.2867752863754898,0.8397837713625559,3.73816857
-30.747890469999998,20.339563820000002,-31.153352286616553,19.16123288545412,-30.68090228661655,21.230728106042356,1.2461392683170573,0.8936784664690053,3.66680359
-31.146889370000004,20.3576843,-31.36810228661655,19.198119356042355,-30.895652286616553,21.270354594137594,1.1804770280414159,0.9466187922644609,3.5959844500000004
-31.546259199999998,20.36782652,-31.84055228661655,19.289924981042354,-31.36810228661655,21.358981578264576,1.117354083770029,1.007039341490574,3.52579688
-31.94574559,20.370115039999998,-32.05530228661655,19.326969356042355,-31.58285228661655,21.399026747346703,1.0488830190888736,1.0910320119756636,3.4563398100000002
-32.345438030000004,20.365276650000002,-32.52775228661655,19.418596022709025,-32.05530228661655,21.4869639014969,0.9640760853032714,1.158603055303814,3.38778646
-32.74556846,20.35219711,-32.78545228661655,19.463495526255123,-32.484802286616556,21.56998197508998,0.8895961019340345,1.2453910931202576,3.3196273599999997
-33.14488799,20.32959573,-33.21495228661655,19.547241498899503,-32.95725228661655,21.65645009678309,0.7854852949490679,1.340055845043613,3.25166495
-33.54222017,20.29677887,-33.515602286616556,19.591307083315087,-33.300852286616546,21.700335826630585,0.7059737626316004,1.424159606798029,3.18367747
-33.93811025,20.25261724,-33.94510228661655,19.592952570328073,-33.94510228661655,21.741296231042355,0.6597017242583337,1.4886954110720345,3.11542275
-34.33332516,20.19519793,-34.20280228661655,19.590873244931238,-34.417552286616555,21.701713901496895,0.6182592865940056,1.508868642802718,3.04705887
-34.72609945,20.12534412,-34.63230228661655,19.50592768937569,-34.932952286616555,21.614977213185206,0.6264779504389162,1.5039264770356418,2.97874121
-35.116838869999995,20.043337450000003,-34.89000228661655,19.42077761001061,-35.577202286616554,21.441063800486802,0.6625976078501135,1.4715887422116336,2.91000106
-35.5049202,19.94907971,-35.14770228661655,19.324821856042355,-36.221452286616554,21.183125189375687,0.7192374474885399,1.4269851002440923,2.84032283
-35.88932124,19.84173986,-35.49130228661655,19.16259854523154,-36.479152286616554,21.054860871193867,0.7871797842157093,1.3489118767928492,2.76927502
-36.26972329,19.7194261,-35.74900228661655,19.028773641756644,-36.86570228661655,20.8427139014969,0.8649573292609629,1.2715999565114067,2.69665833
-36.644756189999995,19.58134049,-36.17850228661655,18.772437133820134,-37.29520228661655,20.585881578264576,0.9336580434288293,1.1967384520501942,2.62259834
-37.01350264,19.42836169,-36.43620228661655,18.603541964738007,-37.63880228661655,20.36814893937568,1.0067786634598117,1.128804554450368,2.5476140099999998
-37.37613474,19.25950488,-36.69390228661655,18.431957432965433,-37.89650228661655,20.19660459413759,1.0725091596546072,1.0718853753123427,2.4792405299999998
-37.73068377,19.07582158,-37.20930228661655,18.088291356042355,-38.41190228661655,19.852911628769625,1.1167159864732679,1.03340583087093,2.43235519
-38.077252099999995,18.87785625,-37.46700228661655,17.916491356042357,-38.66960228661655,19.6810267473467,1.1386954351663676,0.9979787529766416,2.41758482
-38.4150791,18.66482173,-37.81060228661655,17.69630102270903,-38.92730228661655,19.5106632021962,1.1416762143311963,0.9888480110687627,2.4342414000000003
-38.74156989,18.43508251,-38.36895228661655,17.35806977270903,-39.35680228661655,19.25180685604235,1.1396492068343747,1.0225211779053012,2.4506362200000003
-39.05627028,18.18829624,-38.58370228661655,17.2295283215596,-39.57155228661655,19.123335826630587,1.0689043127431939,1.0676209884172752,2.46691136
-39.357778409999995,17.92551196,-38.79845228661655,17.099773244931242,-39.915152286616554,18.92037602270903,0.9973415352137679,1.1403596544969845,2.48310693
-39.64449655,17.64805123,-39.18500228661655,16.84266977270903,-40.258752286616556,18.69383582663059,0.9272401360113917,1.2128378014046861,2.4992506899999998
-39.91693143,17.35555621,-39.528602286616554,16.572442689375684,-40.73120228661655,18.35486768937568,0.8741088660947959,1.2890540953532812,2.5153627700000003
-40.17450355,17.04901803,-39.657452286616554,16.45660784089084,-40.98890228661655,18.139095070328068,0.7863153573005968,1.3607032211518573,2.5314381
-40.41567925,16.73134877,-39.87081680274558,16.243159356042355,-41.51146061994989,17.617559356042356,0.731576373544404,1.4092927352196185,2.5474315699999996
-40.64044174,16.40292296,-40.08500001388928,15.985459356042355,-41.72442103661655,17.359859356042357,0.6948319017821251,1.445938581532368,2.5632042299999998
-40.84945656,16.062842269999997,-40.25159395328322,15.727759356042355,-42.066231453283216,16.844459356042357,0.6853614051991319,1.4461903090941142,2.5787096099999998
-41.040253840000005,15.71295296,-40.38369774116201,15.427109356042358,-42.40768395328322,16.071359356042358,0.716081333959252,1.41361955965451,2.59411087
-41.20889445,15.35112329,-40.46813353661655,15.126459356042353,-42.53714752471179,15.598909356042356,0.7740804958258637,1.3511677042492052,2.60966157
-41.35382871,14.97893823,-40.51254774116201,14.911709356042351,-42.62222942947369,15.169409356042358,0.8439629079661052,1.2826221715755644,2.62518947
-41.483686840000004,14.60087931,-40.558209231061,14.611059356042354,-42.66574186994988,14.868759356042354,0.9255335963566542,1.2120288003580868,2.64078096
-41.60277246,14.21822278,-40.64351270328322,13.923859356042357,-42.7087696779209,14.525159356042352,1.0034087433446028,1.1477978514361211,2.65677939
-41.70772749,13.83319548,-40.68586617550544,13.580259356042355,-42.79399534217211,13.837959356042354,1.052699970961944,1.0862782982171504,2.67342121
-41.79567293,13.44385574,-40.72690728661655,13.279609356042357,-42.83701552191067,13.537309356042357,1.081312570499392,1.0455276046468713,2.6909598299999997
-41.86676437,13.050834080000001,-40.77292514375941,12.978959356042353,-42.880420286616555,13.236659356042352,1.0961980791839587,1.0305480825793467,2.71006171
-41.92124237,12.655167819999999,-40.85766617550544,12.463559356042353,-42.96664752471179,12.721259356042353,1.080697980453251,1.0474922570761147,2.73111495
-41.9594141,12.25771873,-40.90170077146504,12.205859356042353,-43.01184728661655,12.463559356042353,1.0589838903532862,1.072373990556178,2.7539998
-41.98145309,11.859010510000001,-40.986857048521316,11.733409356042351,-43.096315619949884,11.991109356042358,1.0024953544034838,1.1226613762893838,2.7785134400000002
-41.98757468,11.45966959,-41.07193895328322,11.260959356042356,-43.13744984759216,11.776359356042356,0.9369495936920332,1.1926882698178316,2.80423681
-41.97861741,11.060425030000001,-41.1144484404627,11.003259356042356,-43.223432549774444,11.260959356042356,0.8660576898741699,1.2608642861676007,2.8302511200000002
-41.9563147,10.661027260000001,-41.157634429473696,10.702609356042352,-43.26811561994988,10.917359356042354,0.7997619928699077,1.3366105629699405,2.85540526
-41.9215509,10.261409140000001,-41.202061545875814,10.273109356042355,-43.31178145328322,10.487859356042357,0.7195844813178472,1.4085526939478656,2.88056588
-41.8735181,9.86398144,-41.20304735703909,9.757709356042355,-43.35143861994989,9.757709356042355,0.6788407567281547,1.4817364202575487,2.90947356
-41.81258208,9.47097214,-41.20186270328322,9.671809356042353,-43.30954447411655,9.414109356042353,0.6428948160041226,1.498041983923872,2.93795791
-41.73996027,9.08143685,-41.103435619949884,9.328209356042358,-43.13926561994988,8.683959356042351,0.6826860917433755,1.4546627858721142,2.9356763
-41.65130676,8.690712360000001,-40.98651617550544,9.113459356042355,-42.75128395328322,7.9108593560423515,0.7878207561974013,1.3483769997760295,2.8755025
-41.55092297,8.30799078,-40.81495478661655,8.855759356042356,-42.579704209693475,7.653159356042352,0.9174418672876241,1.2195060610540813,2.75591344
-41.451998429999996,7.91569762,-40.64243895328322,8.598059356042356,-42.40755380176807,7.395459356042352,1.0587748037976161,1.0879953675455076,2.63465894
-41.372281650000005,7.52166576,-40.42802581602832,8.254459356042354,-42.14985380176807,6.9659593560423545,1.19524287673688,0.9557343033525336,2.51058862
-41.31642102,7.1290723,-40.12906012975381,7.696109356042356,-42.021183321099315,6.708259356042355,1.3158103611886505,0.8208370330663094,2.38295063
-41.27410764,6.7327431,-39.955841760300764,7.266609356042352,-41.98391061994988,6.622359356042352,1.4222651331309046,0.7183347696414562,2.25302763
-41.24419408,6.3339187699999995,-39.78451270328322,6.708259356042355,-41.848878422980185,6.192859356042355,1.506917580988532,0.6209194093531403,2.12425727
-41.23084523,5.93449343,-39.69503353661655,6.1499093560423574,-41.80614534217211,5.892209356042358,1.5508454399862126,0.5768519411215463,1.99853798
-41.23876543,5.53544681,-39.69845001388928,5.247959356042351,-41.806253801768065,5.505659356042351,1.5669143618243464,0.5682696054737116,1.8776639800000001
-41.27278039,5.13839829,-39.7400484404627,4.947309356042354,-41.85148145328321,5.205009356042353,1.5445977501645802,0.5825220637576048,1.76233439
-41.338900589999994,4.74520245,-39.911848440462705,4.260109356042356,-41.937106132770396,4.904359356042356,1.5072468766941918,0.6190159869843473,1.65167078
-41.44240393,4.35924841,-40.172229822848436,3.615859356042357,-42.0665568320711,4.603709356042351,1.471723325908204,0.6703193263689337,1.5428064799999999
-41.587180239999995,3.9869046900000003,-40.38044395328322,3.2722593560423547,-42.195081453283215,4.388959356042356,1.4024729655242654,0.7288290880567555,1.4355797000000001
-41.7781666,3.63665921,-40.9024371550376,2.5850593560423576,-42.32464728661655,4.217159356042352,1.3684897930265612,0.7972587788165727,1.3473722499999998
-42.02093344,3.32026372,-41.24660228661655,2.275819356042355,-42.66395228661655,3.8768632021961977,1.3001741285316493,0.8504564778312601,1.37001025
-42.31352349,3.05087161,-41.63315228661655,1.9814988297265685,-42.835752286616554,3.7466616287696226,1.2674632608415815,0.8699693478709488,1.4053330499999999
-42.64610483,2.83152056,-41.97675228661655,1.7677822131852068,-42.964602286616554,3.6607616287696274,1.2568102871229843,0.8883025272987849,1.44041177
-43.00853452,2.66275483,-42.53510228661655,1.5077301893756925,-43.30820228661655,3.488543284613783,1.2482868260362883,0.8784801318882357,1.47411122
-43.39121776,2.54538463,-43.222302286616554,1.2934914988994919,-43.69475228661655,3.3610226893756874,1.2632374475311399,0.8702865348553127,1.50666472
-43.785071169999995,2.4781817,-43.65180228661655,1.2096605188330543,-43.90950228661655,3.3169989393756936,1.2755024822976446,0.8479961461329306,1.53830846
-44.18386407,2.45924642,-44.21015228661655,1.1634143560423595,-44.25310228661655,3.315396095172794,1.296098687721578,0.8589448160031711,1.56928142
-44.58252983,2.48924801,-44.55375228661655,1.1648460227090212,-44.51080228661655,3.315401956939212,1.3247145998076264,0.8292618311022536,1.59971989
-44.974208090000005,2.56696684,-45.06915228661655,1.2094663004867954,-44.85440228661655,3.322367689375689,1.360816708910426,0.7648423849146094,1.6295863099999999
-45.35340368,2.6894888000000003,-45.84225228661655,1.3813580739910662,-45.15505228661655,3.401780449792355,1.3964880796195875,0.7393934471044962,1.65873125
-45.71673087,2.85409806,-46.18585228661655,1.5065371338201317,-45.41275228661655,3.4898726893756873,1.426883090268809,0.7047072856964086,1.6869764100000002
-46.061014310000004,3.05708534,-46.78715228661655,1.807664356042359,-45.67045228661655,3.621228106042352,1.4451052405407903,0.6861455782756984,1.71426594
-46.3822384,3.29374016,-47.17370228661655,2.0642906060423556,-45.97110228661655,3.832869882358139,1.4621769009066015,0.6780071985296414,1.7408834899999999
-46.67851387,3.56146812,-47.60320228661655,2.412364564375693,-46.099952286616556,3.960064285619822,1.474953439730638,0.7025755539541538,1.76741204
-46.946443190000004,3.8572539999999997,-48.12128666161655,3.014559356042355,-46.48363895328322,4.388959356042356,1.4458186074867496,0.7049101695727868,1.79494992
-47.18024294,4.17842409,-48.37834752471179,3.4011093560423546,-46.61309176030076,4.603709356042351,1.4281711352408233,0.7088921061395385,1.8249423100000002
-47.381566049999996,4.52132061,-48.726038000902264,4.1312593560423565,-46.69511657233084,4.775509356042356,1.39991164314108,0.7320005491847967,1.8634633699999998
-47.55326935,4.88223348,-48.85047028661655,4.517809356042356,-46.78619784217211,5.033209356042356,1.3474179797231243,0.7817879592754766,1.91603778
-47.69797673,5.25625813,-48.97908332109931,5.247959356042351,-46.86974844046271,5.462709356042353,1.2811334697865375,0.8535714430112227,1.9776333000000001
-47.81954394,5.6378781,-49.02096927690781,5.763359356042358,-46.872691362246805,5.763359356042358,1.2079604239303594,0.9551310641036881,2.04367264
-47.921476389999995,6.02404465,-49.0209775341413,6.0210593560423575,-46.87271673974155,6.0210593560423575,1.0995051968717822,1.0487638990689148,2.1132809900000002
-48.00534667,6.41456115,-49.0209775341413,6.536459356042357,-46.87271673974155,6.536459356042357,1.022919950354254,1.1391706332036537,2.1872656
-48.07304327,6.80826444,-49.02092904100252,6.794159356042357,-46.87267880835568,6.794159356042357,0.9479907110633998,1.2004473308613375,2.26404616
-48.12692725,7.20400938,-49.02085689654563,7.309559356042357,-46.872558608455634,7.309559356042357,0.9001394394291009,1.2588016072171198,2.34308595
-48.169628,7.60098665,-49.02082760712937,7.567259356042356,-46.872447357039086,7.567259356042356,0.8518675375519914,1.2976190314688685,2.42383111
-48.203594679999995,7.99892248,-49.02076179881168,8.082659356042356,-46.871184895312204,8.082659356042356,0.821446263900639,1.3350384633938817,2.50573075
-48.23011087,8.3974489,-49.0207398412017,8.340359356042356,-46.86589395328322,8.254459356042354,0.7926874454239573,1.3716901273747828,2.58729004
-48.25024363,8.79639135,-48.979554559343825,8.855759356042356,-46.82989379147092,8.855759356042356,0.7317233027598606,1.4215900337126104,2.66683294
-48.264591530000004,9.1955427,-48.97851611640379,9.113459356042355,-46.82986234248247,9.113459356042355,0.7186278525266636,1.4370753344449239,2.74397154
-48.27338333,9.594802,-48.978027534141304,9.628859356042355,-46.82976141360068,9.628859356042355,0.7054667660000193,1.4440235943394586,2.8187153
-48.27677683,9.99421162,-48.97793783349155,9.886559356042355,-46.82966844823271,9.886559356042355,0.7093770244041476,1.4511070527415821,2.89083156
-48.27489103,10.39367563,-48.97783957943423,10.401959356042354,-46.829147842172105,10.401959356042354,0.7029973565162506,1.4457669194126368,2.9607516
-48.26784627,10.79305132,-48.977808777001165,10.659659356042354,-46.827841760300764,10.659659356042354,0.7223850617197575,1.446169562673276,3.02887655
-48.25569544,11.19221906,-48.93894728661655,11.218009356042351,-46.78695794272515,11.175059356042354,0.6837384187500999,1.4688377348574237,3.09459716
-48.23838549,11.59112037,-48.93538025271825,11.690459356042354,-46.786896631854646,11.690459356042354,0.7040383039328112,1.4548842357617409,3.1567233999999997
-48.21551498,11.98982783,-48.9351517052212,11.948159356042353,-46.78684767668747,11.948159356042353,0.7208420617646086,1.4292748249641336,3.21135459
-48.1858745,12.387920789999999,-48.93495907233084,12.463559356042353,-46.78665860845563,12.463559356042353,0.752893677206169,1.4012588282766452,3.25650074
-48.1479423,12.785415050000001,-48.93493485240602,12.721259356042353,-46.78659449440876,12.721259356042353,0.7896032108659004,1.3628586870454555,3.2934348499999997
-48.100544400000004,13.18204209,-48.93489632070746,13.236659356042352,-46.78634190925806,13.236659356042352,0.8361376521471572,1.3153369273392514,3.3230540499999996
-48.04296406,13.577455839999999,-48.93488074406336,13.494359356042352,-46.78612966756893,13.494359356042352,0.8957792121704456,1.259578388050426,3.34655161
-47.97485664,13.970938530000002,-48.93487367836913,14.009759356042352,-46.785959231061,14.009759356042352,0.9608016291064704,1.1895310443685259,3.3646781
-47.896024260000004,14.36238071,-48.93487030692112,14.267459356042352,-46.785889051322435,14.267459356042352,1.0431736061848869,1.1141859113194454,3.3797137200000003
-47.806474609999995,14.7516399,-48.93486491037893,14.782859356042351,-46.785720619949885,14.782859356042351,1.128822096003102,1.0212312973263211,3.3928875300000003
-47.70626455,15.13836966,-48.934861798811674,15.040559356042351,-46.78561835804513,15.040559356042351,1.2324845051147306,0.925827341528266,3.4047242599999996
-47.59669979,15.52254656,-48.895606832071095,15.598909356042356,-46.78324774116201,15.341209356042356,1.3011497917462396,0.8334191126305587,3.4156291899999998
-47.48003015,15.906190559999999,-48.853524508838774,16.200209356042357,-46.74255036353963,15.985459356042355,1.4046116211209914,0.7417276976516628,3.42581995
-47.35500426,16.28947976,-48.806903568667835,16.586759356042357,-46.700297842172105,16.286109356042353,1.4820211741851872,0.6547150931266768,3.43598177
-47.22096543,16.66731038,-48.684110619949884,17.145109356042354,-46.65725472564094,16.500859356042355,1.5391834550762964,0.5877718108122714,3.4467183599999998
-47.08116043,17.03535917,-48.507538397727664,17.617559356042356,-46.57127202345866,16.715609356042357,1.5406203826532563,0.6018522498514145,3.4612026899999995
-46.93618634,17.39226714,-47.94680228661655,18.392140390525114,-46.44355228661655,16.843935575554553,1.421650839225767,0.7371267293486229,3.46892331
-46.74993449,17.74917086,-47.517302286616555,18.73552259133647,-46.31470228661655,16.967173641756645,1.2496971926009102,0.8949562672010053,3.4489380400000003
-46.53740573,18.09957983,-47.259602286616555,18.90963852270903,-46.05700228661655,17.143948545231538,1.0852478758432422,1.0695880612847628,3.4043047
-46.34016767,18.454685,-46.95895228661655,19.123493731042352,-45.58455228661655,17.486323244931242,0.9111528524236598,1.2282829870537026,3.33443921
-46.1782858,18.8201936,-46.679777286616556,19.378509356042358,-45.10351228661655,17.918209356042354,0.7504733137121102,1.4031085779149264,3.26337526
-46.04147253,19.18781719,-46.533031453283215,19.550309356042355,-44.80286228661655,18.304759356042354,0.6107624296741175,1.5211661556609704,3.1915040699999997
-45.911148850000004,19.560069910000003,-46.44448598226872,19.765059356042357,-44.424161769375175,19.077859356042353,0.571374806624665,1.56322026480381,3.1151451999999997
-45.789896850000005,19.9385676,-46.40176309742736,19.979809356042352,-44.294262703283216,19.722109356042353,0.6132545859447719,1.5112166198803152,3.02309892
-45.67624741,20.32420101,-46.4011674181955,20.452259356042354,-44.2527841384684,20.452259356042354,0.7361439793092535,1.4292118896057913,2.9040244
-45.56996606,20.712121959999998,-46.40264752471179,20.667009356042357,-44.252875037939305,20.709959356042354,0.8339026134450058,1.317092797508498,2.75624573
-45.46558096,21.09747218,-46.44379632070746,21.225359356042354,-44.29298442947369,21.096509356042354,0.9865396199444431,1.172596925815646,2.61583614
-45.35346595,21.482199689999998,-46.40776061994988,21.697809356042356,-44.29462061994988,21.483059356042354,1.0761155974966765,1.0588456790272363,2.49468457
-45.22953425,21.862723109999997,-46.35913332109931,22.127309356042353,-44.25200100456527,21.869609356042353,1.1601723764265388,0.9775575002600654,2.38847351
-45.09119133,22.23686909,-46.27891061994988,22.556809356042358,-44.20856154587581,22.084359356042356,1.230056456246748,0.8957089676758557,2.2947284100000003
-44.93505182,22.60365396,-46.147674508838776,23.029259356042353,-44.12305923106099,22.385009356042353,1.2851434700557582,0.84091463736319,2.2090959999999997
-44.75751126,22.96233698,-45.97417014375941,23.501709356042355,-43.992538953283216,22.728609356042355,1.3308573926113434,0.7998820114519928,2.1251949199999998
-44.557460379999995,23.30724613,-45.84307824815501,23.802359356042352,-43.81823353661655,23.072209356042357,1.3776612099937744,0.7756923430658982,2.0713997500000003
-44.33399685,23.637388530000003,-45.501720143759414,24.403659356042354,-43.736572023458656,23.201059356042357,1.3966920453815028,0.7397969798630661,2.06663404
-44.08752687,23.95119025,-45.33043145328322,24.661359356042354,-43.56395001388928,23.458759356042357,1.4314859280913075,0.7187634587113507,2.08797241
-43.81929123,24.24684368,-44.76850228661655,25.35015009678309,-43.222302286616554,23.84483213382014,1.4554335021971474,0.7197284778192418,2.10889568
-43.53102478,24.52336055,-44.51080228661655,25.60733310604236,-43.00755228661655,24.059515685156278,1.4611503908649357,0.6994108306074321,2.12946072
-43.22448501,24.77955879,-44.08130228661655,25.960596856042358,-42.835752286616554,24.22326935604235,1.4591047799762937,0.6786538621138416,2.1496807
-42.901712509999996,25.01436276,-43.52295228661655,26.347146856042357,-42.40625228661655,24.5294414988995,1.4704598963297262,0.6932744495670335,2.1696169000000003
-42.563992309999996,25.22741827,-43.222302286616554,26.518946856042355,-42.191502286616554,24.652769356042356,1.4496268878154317,0.6848139833800843,2.18953783
-42.21306792,25.4181522,-42.92165228661655,26.680526825921874,-42.01970228661655,24.74335481058781,1.4476468840103107,0.7019556858743232,2.2098755700000003
-41.8507064,25.58606779,-42.27740228661655,26.94009546715347,-41.63315228661655,24.91292364175664,1.419669091779172,0.707426912524776,2.23140308
-41.47858779,25.73098516,-41.71905228661655,27.112193731042353,-41.37545228661655,25.002811856042356,1.4019844117727962,0.7354408831814745,2.25528088
-41.098305499999995,25.85314458,-41.37545228661655,27.196483106042358,-40.86005228661655,25.132616300486795,1.371629956249695,0.7588976184346571,2.28301313
-40.711708,25.953087420000003,-40.86005228661655,27.282900096783095,-40.60235228661655,25.175598545231544,1.3380612028994734,0.785141784926982,2.3173037
-40.32051581,26.031734340000003,-40.43055228661655,27.32579328461378,-40.21580228661655,25.215804810587812,1.29872883171242,0.8226213703437181,2.35812715
-39.92597755,26.089090329999998,-39.872202286616556,27.36743903518674,-39.872202286616556,25.218367168542358,1.2794792655625895,0.8723821426707141,2.40417579
-39.52842614,26.126673840000002,-39.57155228661655,27.327122689375685,-39.786302286616554,25.214937133820136,1.201223253391888,0.9475040519119237,2.45475417
-39.1288162,26.14697288,-39.05615228661655,27.28238310604236,-39.31385228661655,25.174074981042352,1.1377330204005511,0.9903376571384994,2.50927751
-38.72915578,26.152117980000003,-38.75550228661655,27.23927318582959,-39.01320228661655,25.128440606042354,1.0874744042841946,1.0623548295526757,2.5675952
-38.32969826,26.14418336,-38.06830228661655,27.11089483991332,-38.58370228661655,25.046779092884456,1.0014284499140644,1.1264165175550396,2.62981821
-37.93050881,26.12617653,-37.63880228661655,27.024656917017964,-38.36895228661655,25.003617168542355,0.9446479247002081,1.2051440586850177,2.69466615
-37.53212035,26.09963486,-37.42405228661655,26.981613800486805,-37.72470228661655,24.873961856042357,0.888575015283279,1.2407103267650872,2.76180679
-37.1342989,26.06516578,-37.03750228661655,26.90191768937568,-37.29520228661655,24.787346022709023,0.8423320854665028,1.2879104130132066,2.83081356
-36.73706905,26.023727209999997,-36.60800228661655,26.813631578264577,-37.08045228661655,24.74368018937568,0.8003793728062611,1.325304652598203,2.90111526
-36.34044924,25.976395059999998,-36.39325228661655,26.771278106042352,-36.65095228661655,24.658496022709024,0.7966349343441835,1.3539830185237327,2.9705907
-35.94452986,25.923783909999997,-35.74900228661655,26.647796856042355,-36.221452286616554,24.573198829726557,0.7499505170277266,1.3786827370430128,3.03846495
-35.54932702,25.86614273,-35.49130228661655,26.595085492405993,-35.79195228661655,24.48776977270903,0.731248535416174,1.3995638711369367,3.1046457700000003
-35.15488515,25.80358676,-35.061802286616555,26.509310638093638,-35.36245228661655,24.402178321559596,0.711836084760517,1.4166967662612813,3.1692097
-34.76121106,25.73620298,-34.417552286616555,26.38074483991332,-34.932952286616555,24.316532213185212,0.7304351865182381,1.430021026093061,3.2320093200000004
-34.36837232,25.664042540000004,-34.20280228661655,26.33794328461378,-34.71820228661655,24.273648545231545,0.6939421082090318,1.4337281702718732,3.2925852499999997
-33.9764477,25.58715919,-33.773302286616556,26.252376747346702,-34.07395228661655,24.14500491159791,0.6955447200439681,1.4454466808307824,3.3509193500000003
-33.58538848,25.505989550000002,-33.558552286616546,26.209604594137595,-33.85920228661655,24.10209552625512,0.7041266303812548,1.430346961614714,3.4071276
-33.19501038,25.42158249,-33.129052286616556,26.12434373104236,-33.386752286616556,24.009951022709025,0.7058497233789761,1.4245941029637248,3.46141968
-32.805009999999996,25.33542289,-32.69955228661655,26.039063202196203,-33.17200228661655,23.968023641756645,0.711499134405401,1.4157909600405485,3.5136344
-32.41508498,25.248885379999997,-32.27005228661655,25.954154356042352,-32.52775228661655,23.84173018937568,0.7200269513829959,1.4116584758648887,3.5638456400000003
-32.02504198,25.16290828,-31.84055228661655,25.87009507032807,-32.31300228661655,23.79905550988851,0.7308553915647307,1.393920914803807,3.6124323400000002
-31.63477372,25.077992860000002,-31.411052286616552,25.78664935604236,-31.88350228661655,23.71393288545412,0.7431320940036011,1.3865516629427248,3.65948305
-31.24424068,24.9943174,-31.153352286616553,25.736023185829588,-31.668752286616552,23.671248829726558,0.7472537539450107,1.3895037048520509,3.7050895400000003
-30.853440490000004,24.91186336,-30.72385228661655,25.650208193251657,-31.024502286616553,23.543125427470926,0.7496307059116284,1.3793859743399053,3.7491358499999996
-30.462406069999997,24.83052221,-30.29435228661655,25.56479039052511,-30.80975228661655,23.500516300486794,0.753254163640099,1.37461453271013,3.7917489600000005
-30.07117655,24.75017276,-29.86485228661655,25.480477213185203,-30.337302286616552,23.40865102270903,0.7588901738742306,1.3676635109974562,3.83320552
-29.67976873,24.67067097,-29.65010228661655,25.439828106042356,-30.12255228661655,23.368954810587816,0.7697290417984127,1.3749626313775978,3.87355831
-29.28820976,24.59187686,-29.177652286616553,25.34966063809364,-29.47830228661655,23.242707840890844,0.7658062478609075,1.3624948479900476,3.9128573500000003
-28.896534730000003,24.51368314,-28.748152286616552,25.2645267473467,-29.26355228661655,23.200011795066743,0.7653649274678365,1.3639773786113674,3.95099807
-28.504759869999997,24.43600825,-28.31865228661655,25.181054356042353,-28.79110228661655,23.110387133820133,0.7679386256216693,1.3561944267750714,3.9880494900000003
-28.11289299,24.35878633,-28.06095228661655,25.13478549240599,-28.57635228661655,23.06968288545412,0.7777355184911913,1.3698840134698855,4.02421655
-27.72094524,24.28196456,-27.63145228661655,25.050056856042353,-27.88915228661655,22.937990606042355,0.7732882799738451,1.3544591538499804,4.059534709999999
-27.3289261,24.205498979999998,-27.41670228661655,25.009731578264578,-27.67440228661655,22.898023244931238,0.8090084863883326,1.352348547273486,4.09403782
-26.936847840000002,24.129352779999998,-26.72950228661655,24.87849546715347,-27.24490228661655,22.813510518833056,0.7773074965696751,1.3514208812776127,4.12763792
-26.544716620000003,24.05349292,-26.514752286616552,24.837931578264573,-26.772452286616552,22.72634882972656,0.7850107450570588,1.3465418560880305,4.16038079
-26.152533899999998,23.97788939,-26.04230228661655,24.748740390525114,-26.34295228661655,22.641754911597907,0.7786926695427955,1.3496349529915441,4.19242376
-25.760305260000003,23.902516159999998,-25.569852286616552,24.66216973340085,-26.08525228661655,22.595464356042356,0.7831640228274561,1.3468388872971633,4.22379148
-25.36803573,23.827349899999998,-25.14035228661655,24.576993284613778,-25.65575228661655,22.512596120748242,0.7834570533769845,1.3458671245736187,4.2545075599999995
-24.97573276,23.752370210000002,-24.925602286616552,24.535372689375684,-25.183302286616552,22.42465550988851,0.7846055996933197,1.3438420417861507,4.28449599
-24.58339938,23.67755811,-24.45315228661655,24.447802411597912,-24.96855228661655,22.38335743296544,0.7811789740378919,1.3502955802015686,4.31379124
-24.19103603,23.602896129999998,-24.02365228661655,24.364613901496895,-24.539052286616553,22.29829897868386,0.7798918392721239,1.3502181461125384,4.34251672
-23.79864598,23.52836915,-23.76595228661655,24.318758193251654,-24.06660228661655,22.211823872171387,0.791064926083388,1.3435371415887254,4.37069024
-23.40623237,23.45396359,-23.336452286616552,24.234385826630586,-23.594152286616552,22.123730189375685,0.7835356580682759,1.3434413999865058,4.39832896
-23.01379943,23.37966753,-22.864002286616554,24.14712016685317,-23.37940228661655,22.08256977270903,0.7819352492238257,1.3476379486848264,4.425365810000001
-22.621348599999997,23.30546958,-22.43450228661655,24.063638522709027,-22.69220228661655,21.952824981042355,0.7808531811509186,1.354499042449439,4.45182964
-22.2288798,23.23135581,-22.17680228661655,24.018063800486807,-22.477452286616554,21.91112768937569,0.788429787423074,1.343424940809845,4.47781902
-21.836397400000003,23.157314640000003,-21.747302286616552,23.933595467153474,-22.005002286616552,21.822364356042357,0.7813769012678113,1.345555598416349,4.50334737
-21.44390448,23.08333971,-21.27485228661655,23.846410638093637,-21.79025228661655,21.781664117947116,0.7815727000026544,1.3469655341152282,4.52842759
-21.0513991,23.0094275,-20.845352286616553,23.762713202196203,-21.317802286616548,21.68921935604235,0.7809575138499522,1.3468185479906172,4.55299953
-20.65888297,22.935571680000002,-20.63060228661655,23.725049356042355,-21.103052286616553,21.65199602270902,0.7899840492198995,1.3582536029083783,4.57708888
-20.26635772,22.86176621,-20.15815228661655,23.632706856042354,-20.41585228661655,21.521237133820136,0.7784972032922817,1.3488390673210446,4.600775560000001
-19.87382414,22.78800567,-19.943402286616553,23.59238157826458,-20.201102286616553,21.480911856042354,0.8073795391778641,1.347443959405775,4.62406977
-19.48128267,22.714285150000002,-19.25620228661655,23.46182721318521,-19.72865228661655,21.388569356042353,0.7806922026094775,1.3485970834811185,4.64698139
-19.088734510000002,22.64060058,-19.041452286616554,23.42296768937568,-19.299152286616554,21.309607432965436,0.7837945537453935,1.3475230603478476,4.66945621
-18.69618092,22.56694838,-18.569002286616552,23.331861628769623,-18.86965228661655,21.224548978683856,0.7754138784756057,1.3535614015218347,4.69151793
-18.30362179,22.49332504,-18.09655228661655,23.245008193251657,-18.61195228661655,21.180023244931242,0.7796828471332592,1.3490104892381771,4.7132327400000005
-17.91105742,22.41972691,-17.667052286616553,23.160793731042354,-18.182452286616552,21.095575660390182,0.7802041645411099,1.3516773673732438,4.73460871
-17.5184882,22.3461496,-17.45230228661655,23.120528106042357,-17.71000228661655,21.008223244931237,0.7772018050357282,1.3515637524586688,4.75565368
-17.12591718,22.27258758,-16.97985228661655,23.03036063809364,-17.495252286616548,20.965941356042357,0.77172207474693,1.357841218833124,4.77631838
-16.733346230000002,22.19903236,-16.55035228661655,22.945077356042354,-17.06575228661655,20.88065807399107,0.7681600871139176,1.3596339744522852,4.79662515
-16.34077575,22.12547114,-16.120852286616554,22.86103852270903,-16.59330228661655,20.789723641756645,0.7677406490814364,1.3594083384910245,4.81662944
-15.948208450000001,22.05188635,-15.906102286616552,22.82064507032807,-16.16380228661655,20.70757324493124,0.7699109682783616,1.3614912511091124,4.8363377100000005
-15.555648600000001,21.97825435,-15.43365228661655,22.729710638093643,-15.94905228661655,20.66529135604236,0.761294721769847,1.3706342634509403,4.85575624
-15.163105340000001,21.904545669999997,-15.004152286616552,22.644361279119273,-15.519552286616552,20.580008073991067,0.7566988890413723,1.3716611348993522,4.87483943
-14.77058529,21.83072329,-14.574652286616548,22.558761628769624,-15.090052286616547,20.49421051883305,0.7539426798724758,1.3741635817542108,4.89360866
-14.37809115,21.75673743,-14.14515228661655,22.47316988235815,-14.66055228661655,20.408375660390185,0.7533498343175524,1.3776297599297243,4.91211044
-13.985635579999999,21.68253859,-13.930402286616548,22.430345467153472,-14.231052286616553,20.32253282543011,0.7498438785614047,1.3819714322480945,4.930350150000001
-13.59323287,21.60808823,-13.286152286616549,22.3024132021962,-13.75860228661655,20.23035102270903,0.7592006662973717,1.3876263388628869,4.94833317
-13.200881720000002,21.53335805,-13.071402286616554,22.2600639014969,-13.543852286616548,20.188423641756643,0.7381506067660796,1.3879759983667534,4.9660173499999996
-12.80858517,21.45832586,-12.64190228661655,22.175031578264573,-13.114352286616551,20.10388713382013,0.7358330450626422,1.3885236017366587,4.9800260100000004
-12.41634835,21.382988779999998,-12.427152286616547,22.131604356042352,-12.684852286616554,20.01885481058781,0.7486935325883618,1.3903078258007597,4.982464569999999
-12.02417049,21.30736076,-11.782902286616547,22.0017632021962,-12.25535228661655,19.932954810587816,0.7351225052274794,1.3937132907691119,4.96834434
-11.63204785,21.23146797,-11.568152286616552,21.958577213185208,-11.825852286616552,19.847054810587814,0.7299112922441009,1.3979127138723264,4.93398106
-11.23996421,21.15534254,-11.138652286616548,21.87213582663059,-11.396352286616548,19.76115481058781,0.7239176207127012,1.4029314506957693,4.87272411
-10.84791248,21.0790244,-10.70915228661655,21.785969882358152,-11.181602286616553,19.718204810587814,0.7204348036390322,1.4011348407515059,4.78764662
-10.455896450000001,21.00256258,-10.279652286616553,21.69976162876963,-10.752102286616548,19.63230481058781,0.7191303906330254,1.4019073622319604,4.686327889999999
-10.06390518,20.92601964,-9.850152286616549,21.61362735604235,-10.537352286616553,19.589354810587814,0.7200657404645601,1.4180356233011542,4.57545947
-9.67191363,20.84944351,-9.420652286616551,21.527543284613778,-9.893102286616553,19.460504810587814,0.7231539027137384,1.4064405897657573,4.46158883
-9.27992294,20.77285175,-9.20590228661655,21.484491022709022,-9.463602286616549,19.37460481058781,0.7154785193065814,1.410259765415236,4.34603625
-8.88793639,20.69625542,-8.776402286616552,21.39846087119387,-9.248852286616547,19.331654810587814,0.7110079830099906,1.4115222660796516,4.22870686
-8.49594952,20.61965812,-8.56165228661655,21.355472591336472,-8.81935228661655,19.245754810587812,0.7387420319497463,1.4114530289984866,4.10965589
-8.10395923,20.54306096,-7.91740228661655,21.22646063809364,-8.389852286616552,19.15985481058781,0.7084056840138074,1.4124425976276875,3.98874057
-7.7119637800000005,20.46646198,-7.487902286616553,21.14056063809364,-7.960352286616548,19.07356435604236,0.7103608615773169,1.4148712453951524,3.86580631
-7.31997566,20.3898643,-7.2731522866165506,21.09763961920025,-7.53085228661655,18.98766435604236,0.7093224448472107,1.4179681359212506,3.74016579
-6.92799371,20.313275609999998,-6.843652286616553,21.011770166853168,-7.101352286616553,18.901764356042356,0.7035681357564825,1.4221171597781916,3.61161764
-6.536016200000001,20.23660807,-6.414152286616549,20.92590241159791,-6.886602286616551,18.85881435604236,0.6999839303469954,1.4216983232564828,3.48186545
-6.14413403,20.15938268,-5.9846522866165515,20.8400364988995,-6.242352286616551,18.72996435604236,0.6990880113798965,1.4327887390675107,3.35205142
-5.75256592,20.080644409999998,-5.555152286616547,20.75421087119387,-6.027602286616549,18.68701435604236,0.7019002210363606,1.4205103766800147,3.22317063
-5.36158158,19.99907043,-5.12565228661655,20.668351543542357,-5.598102286616552,18.60111435604236,0.7096476875329845,1.4178234126200109,3.09599649
-4.9715465199999995,19.91312598,-4.9109022866165475,20.62549102270902,-5.3833522866165495,18.55816435604236,0.7149417298748836,1.4161585334335156,2.97454447
-4.582953659999999,19.8210311,-4.266652286616548,20.497254594137594,-4.953852286616552,18.47226435604236,0.7465418761381812,1.3988343435990334,2.85985606
-4.1963940200000005,19.72080789,-4.051902286616553,20.45464546715347,-4.524352286616548,18.386364356042357,0.7479274367601628,1.3741528917713242,2.75284219
-3.81253879,19.61038049,-3.6224022866165484,20.3696632021962,-4.09485228661655,18.302074981042352,0.7827273643861584,1.3384185500585362,2.65396486
-3.4325104600000005,19.487828479999997,-3.4076522866165533,20.327313901496893,-3.665352286616553,18.217207432965438,0.839853381067066,1.2917790683353454,2.56427522
-3.05744145,19.35148519,-2.978152286616549,20.24364507032807,-3.2358522866165487,18.131766300486795,0.8956762939237864,1.2326980960711904,2.4799667199999997
-2.6880621000000002,19.20026266,-2.505702286616547,20.15254305169453,-3.0211022866165465,18.088961795066744,0.969583955077194,1.1601316211115815,2.39801916
-2.32357099,19.035026730000002,-2.0762022866165495,20.066783106042358,-2.376852286616547,17.959207083315086,1.0609959919423189,1.0771382496051278,2.3170672100000003
-1.9662663200000001,18.85687279,-1.6896522866165498,19.983388522709028,-2.162102286616552,17.913914356042362,1.159979749610146,0.9630796093742623,2.23618684
-1.6169794499999999,18.66045866,-1.4749022866165475,19.937906917017962,-1.775552286616552,17.81799268937568,1.2853248498777723,0.857259736703293,2.15813593
-1.2775463200000001,18.44254086,-0.8736022866165527,19.76983157826458,-1.5178522866165522,17.744757432965436,1.3873973594098368,0.7380031630254833,2.1455566399999997
-0.9565833100000001,18.20384039,-0.10050228661655325,19.38328157826458,-1.30310228661655,17.612787133820134,1.4573799213562033,0.6851418486679985,2.16140257
-0.66496821,17.942882009999998,0.37552688005011703,18.949009356042353,-1.225792286616553,17.531659356042354,1.4473846305915488,0.6954334734831057,2.18192877
-0.39553714,17.654845220000002,0.6752820883834474,18.562459356042353,-1.0895794294736945,17.359859356042357,1.4037155124239475,0.7541295376211742,2.2021420899999997
-0.14162599,17.34319291,1.0178496364603689,18.004109356042356,-0.8747953421721064,17.016259356042355,1.3346139055940205,0.8027595204467165,2.22155231
0.09198044,17.01495348,1.277802258837994,17.445759356042352,-0.7458825497744499,16.758559356042355,1.2616525230287725,0.8762147775709946,2.24044117
0.30466061,16.67642958,1.404133197254417,17.145109356042354,-0.5777245088387701,16.372009356042355,1.1951990221695434,0.9334212182624378,2.25903687
0.50162395,16.32760451,1.579916463383448,16.672659356042352,-0.4471701437594078,16.028409356042353,1.132156169084506,0.9948507287550613,2.2775529
0.6799352200000001,15.97054513,1.7060820883834538,16.329059356042357,-0.2743475247117857,15.555959356042358,1.0869727898010695,1.0404503451980378,2.29684388
0.83681907,15.604062289999998,1.8338384541241908,15.985459356042355,-0.14735683207108963,15.212359356042356,1.0674789807322196,1.0592607774710003,2.32703793
0.97772211,15.23058043,2.0069110467167803,15.513009356042353,0.026395440656180824,14.739909356042354,1.0672375395035794,1.0704113856940958,2.37079316
1.11938269,14.857227380000001,2.091289900883453,15.298259356042358,0.10947549116122701,14.525159356042352,1.0672922891406453,1.0631000530531052,2.3465189200000003
1.2743597599999998,14.48952457,2.220842951478687,14.954659356042356,0.2404133383834477,14.181559356042357,1.0545998297640433,1.078836306295654,2.28807639
1.44693049,14.129280320000001,2.3509515595373003,14.611059356042354,0.3703569726427105,13.837959356042354,1.0243852467393617,1.1152929849668465,2.2358986300000003
1.6389371499999998,13.77869047,2.5646582396992343,14.052709356042357,0.5846524752882161,13.279609356042357,0.9654252357494244,1.1664467984616076,2.20759596
1.8516789500000002,13.44063155,2.6509820883834507,13.837959356042354,0.6699133383834521,13.064859356042355,0.8926112773677373,1.2400704425762177,2.2107158
2.08424245,13.115827390000002,2.784306046716786,13.537309356042357,0.8358077133834456,12.678309356042355,0.8171512021327337,1.3228799346989166,2.2297739400000003
2.33458065,12.79937759,2.9933293800501133,13.150759356042357,1.054852713383454,12.248809356042358,0.7466050059098738,1.3931363795408114,2.24840045
2.59961516,12.496869649999999,3.0792293800501156,13.021909356042357,1.4006002133834556,11.690459356042354,0.711123402086675,1.4449686517051956,2.26724469
2.87993297,12.2241615,3.2505738497470844,12.807159356042355,2.0899477133834523,10.949571856042354,0.6908409092473289,1.4995517550773596,2.2865172300000003
3.18760276,11.97890928,3.5931977133834536,12.507531975089975,2.3905977133834497,10.742491498899504,0.6662951447926925,1.4710356806528258,2.3053850099999997
3.51840866,11.74962288,3.764997713383451,12.424513901496894,3.1207477133834516,10.400241356042358,0.7185290892828676,1.4067568111305593,2.32358631
3.85956647,11.53709432,3.9367977133834486,12.37845472641272,3.421397713383449,10.31391185604236,0.8448976260077498,1.2992948854699526,2.34173761
4.209612229999999,11.34295116,4.323347713383448,12.292806917017963,4.022697713383451,10.186016300486799,0.95664085179373,1.1719365621392779,2.36031255
4.56878538,11.169338419999999,4.79579771338345,12.207340390525111,4.280397713383451,10.141396022709017,1.062535971307426,1.0676296260430713,2.38016841
4.93843235,11.01543957,5.05349771338345,12.164500096783094,4.79579771338345,10.055973244931245,1.1548074004186182,0.9700104476260434,2.40233632
5.31474892,10.88091567,5.6118477133834475,12.07953582663059,5.05349771338345,10.014248545231546,1.234891887134675,0.9051873276361218,2.42807607
5.69618149,10.76451998,5.912497713383452,12.036743731042357,5.69774771338345,9.926824981042351,1.2904828480902666,0.837696463126317,2.45881447
6.08310539,10.66568039,6.256097713383454,11.993154594137593,5.998397713383447,9.885257840890837,1.3386986616114698,0.785006207386807,2.49777509
6.474090800000001,10.58420528,6.599697713383449,11.94987735604235,6.384947713383454,9.840030189375689,1.371436223807559,0.7494952003830497,2.54631614
6.86789893,10.51827653,6.943297713383451,11.907735826630585,6.728547713383449,9.798707083315087,1.3915035442027683,0.7329385718973621,2.6032186
7.26366685,10.465298690000001,7.372797713383449,11.862881819810475,7.115097713383449,9.746971856042357,1.4018374192728835,0.7335299780776513,2.6677606000000003
7.660764380000001,10.422482630000001,7.673447713383453,11.820741022709022,7.458697713383451,9.712074981042356,1.3983159155666258,0.7385864644407264,2.73856874
8.05860091,10.38725232,8.36064771338345,11.736988522709026,7.802297713383453,9.670328321559595,1.3831196941470913,0.761361509491804,2.81297789
8.456895110000001,10.357927669999999,8.74719771338345,11.691722591336472,8.532447713383448,9.583523244931243,1.365021792395336,0.7780812357614638,2.8852625400000003
8.855554530000001,10.333952669999999,9.090797713383445,11.649227356042353,8.833097713383452,9.54198321967872,1.3361462700887916,0.7922877752778581,2.9556255
9.25451548,10.31518271,9.434397713383454,11.607243731042352,9.176697713383454,9.498816300486794,1.3045226329903308,0.8200668993336279,3.02412408
9.6537223,10.30150545,9.77799771338345,11.56332735604235,9.52029771338345,9.455525427470924,1.2679270093108579,0.8564369905790467,3.09085823
10.05300777,10.29283204,10.121597713383444,11.519960871193867,9.863897713383444,9.411961856042353,1.229044241954116,0.9009411159998727,3.15558245
10.45233544,10.28907686,10.465197713383454,11.476731975089976,10.207497713383454,9.365790606042353,1.1877247620875702,0.9551978952666843,3.2186101299999996
10.85172608,10.29009408,11.109447713383453,11.39146127911927,10.851747713383453,9.282396022709015,1.1311189803065196,1.007698057523198,3.27983691
11.25115337,10.29531265,11.453047713383448,11.34812259133647,11.152397713383458,9.241116300486794,1.07199351605648,1.0588118921889442,3.3390711000000004
11.65053243,10.303322609999999,11.753697713383453,11.308204356042353,11.495997713383453,9.197491964738006,1.0101635507306321,1.1165761929399673,3.3961686299999996
12.04986752,10.311761520000001,12.097297713383448,11.26334546715347,11.839597713383448,9.152504810587807,0.9527652553092859,1.1781721053783907,3.4506050700000004
12.44930716,10.31785752,12.440897713383457,11.21960009678309,12.140247713383452,9.112073872171386,0.9017817882258448,1.2447618032835865,3.50268954
12.848733820000001,10.3192711,12.784497713383452,11.176252411597915,12.827447713383457,9.025298829726566,0.8593853884150784,1.2941473388186817,3.5430021600000003
13.24805198,10.31446362,13.428747713383451,11.091306856042351,13.171047713383452,8.981541498899496,0.797581570403765,1.3351445756906697,3.56241448
13.64719566,10.30268451,13.772347713383446,11.04774328461378,13.471697713383456,8.940660518833049,0.7554969318899184,1.3732839771077854,3.55142091
14.046200110000001,10.28371571,14.115947713383456,11.004522591336467,13.858247713383456,8.892573641756641,0.7241735208910509,1.4037814493112204,3.49554781
14.444747119999999,10.25756992,14.45954771338345,10.961502411597912,14.158897713383446,8.854496120748237,0.7040880699825467,1.4318959352584986,3.41395322
14.842728450000001,10.224208659999999,14.760197713383455,10.924517689375683,14.502497713383455,8.81137768937569,0.7051553439573321,1.453219978425106,3.31945229
15.240023579999999,10.18355523,15.447397713383445,10.836231578264574,15.189697713383445,8.724864117947114,0.684828771869666,1.4595589927210177,3.21876337
15.6365129,10.13553546,15.790997713383454,10.792804356042353,15.533297713383455,8.681274981042357,0.6751799458447021,1.4579186930025971,3.11205563
16.0320208,10.079966279999999,16.13459771338345,10.749138522709025,15.87689771338345,8.637430189375685,0.6769885623638725,1.4508526957465824,3.00367259
16.4262382,10.0161897,16.478197713383445,10.704561628769625,16.220497713383445,8.592690606042353,0.6903301408377428,1.4382902413391596,2.90004039
16.81881936,9.94296102,16.821797713383454,10.660960871193872,16.52114771338345,8.553916300486797,0.7180060284588833,1.4205821489822124,2.8032712
17.209165669999997,9.85866719,17.16539771338345,10.617708193251659,17.16539771338345,8.468493522709025,0.7603018339078712,1.3908624875434765,2.7139879799999997
17.59675934,9.761865160000001,17.80964771338345,10.532241022709023,17.55194771338345,8.424725427470925,0.7992499167134903,1.3378904088855523,2.63137021
17.98033022,9.65193586,18.110297713383453,10.493228106042352,17.895547713383458,8.381828321559595,0.851272102554385,1.272934103805585,2.55293073
18.35963132,9.52725128,18.453897713383448,10.451045070328064,18.239147713383453,8.338878321559598,0.9285909325263815,1.1944649797360003,2.4754248700000003
18.73366972,9.3864828,18.840447713383448,10.403222591336473,18.582747713383448,8.295875427470932,1.0223313274853363,1.101000405583905,2.39819723
19.10077143,9.22860182,19.398797713383452,10.31718961920025,18.883397713383452,8.252311856042354,1.1286465621065769,1.00019669385582,2.32811776
19.459982959999998,9.05394203,19.78534771338345,10.236295070328069,19.312897713383457,8.166032885454122,1.2263037693480778,0.9000092881412066,2.30127809
19.815789520000003,8.863547350000001,20.386647713383447,10.061043731042353,19.613547713383447,8.080791964738012,1.3266034296512808,0.8084601050764185,2.31271675
20.160460699999998,8.65615536,20.730247713383456,9.931043284613786,19.828297713383456,7.995978446951447,1.396422737191889,0.7390303148047017,2.3307392499999997
20.48094412,8.4275241,21.288597713383446,9.634995070328067,20.214847713383456,7.778941498899492,1.4526838854651747,0.7010468515474105,2.3489720800000002
20.78210768,8.17372026,21.935915570526312,9.070509356042358,20.257797713383447,7.73726977270902,1.4613361457998804,0.6821949640315328,2.36706024
21.068854809999998,7.89780265,22.32078319725442,8.512159356042353,20.471831880050125,7.4384093560423565,1.3945461086219675,0.7533117398654985,2.3847591699999997
21.33840299,7.599584590000001,22.493724183971686,8.168559356042351,20.557834141954878,7.266609356042352,1.287827374158941,0.8486225503530048,2.40225561
21.590392979999997,7.28663492,22.66552418397169,7.7820093560423516,20.68399386722961,7.008909356042352,1.1837664202189135,0.947993059313484,2.4196011200000003
21.82948956,6.96604346,22.837482088383446,7.352509356042354,20.857145440656176,6.579409356042355,1.0795391730181327,1.046393337500601,2.43765101
22.055144820000002,6.6359728,22.965299636460365,7.008909356042352,20.98404316792891,6.235809356042353,0.9835972065630966,1.1434113568394664,2.4570952999999998
22.26391371,6.29599707,23.146185213383454,6.4935093560423525,21.11531667890069,5.849259356042353,0.9041095668226141,1.2324162141591024,2.47901441
22.45506893,5.94562548,23.22210122215538,6.278759356042357,21.201764017731286,5.591559356042353,0.8362515868900593,1.3023578706527943,2.50525216
22.629072970000003,5.586157399999999,23.394738454124187,5.763359356042358,21.412078963383458,4.990259356042351,0.7859034080625683,1.3550530952450324,2.54233967
22.787174139999998,5.21931802,23.481732088383446,5.505659356042351,21.500663338383454,4.732559356042351,0.7512669994011067,1.3755159176155967,2.59939021
22.93266219,4.84741795,23.57210604671679,5.247959356042351,21.58794619823194,4.4748593560423515,0.7545342032321852,1.3953712783515553,2.66889692
23.069845559999997,4.472451980000001,23.782765570526315,4.646659356042356,21.757468546716787,4.002409356042357,0.7338958722301195,1.3940134480453004,2.74435374
23.20239336,4.09574142,23.95265852419427,4.174209356042354,21.84564619823194,3.7447093560423568,0.7543573646423847,1.401422980720684,2.81939692
23.332807289999998,3.7182301699999996,24.040701559537304,3.9165093560423543,22.015168546716787,3.2722593560423547,0.7351387164755877,1.3910649965774444,2.8920542
23.46364696,3.3408685599999997,24.12401354671679,3.701759356042352,22.10354643133217,3.014559356042355,0.7525464739935117,1.3986962303052006,2.96241118
23.59682391,2.96432901,24.303687713383447,3.1863593560423524,22.318267450225555,2.413259356042353,0.740914240042258,1.3922587346983915,3.03086042
23.73312987,2.58890557,24.425538454124187,2.8427593560423574,22.39098104671678,2.1985093560423508,0.7374763671175512,1.397774183376196,3.09756592
23.87202477,2.21441816,24.596746550592748,2.3703093560423554,22.57631680429254,1.6831093560423511,0.741298674131446,1.4004100033778228,3.16042078
24.01172356,1.84024349,24.684511046716786,2.1126093560423556,22.65909316792891,1.468359356042356,0.7258279184956248,1.4028210101947511,3.2024182600000004
24.149759359999997,1.46545333,24.854981641954872,1.6401593560423535,22.87345271338345,0.8670593560423541,0.7265402001962121,1.4096219366434388,3.19451635
24.28383512,1.0892537,24.946506046716785,1.3824593560423537,22.962454657827898,0.6093593560423542,0.7246394371347106,1.4058253473218836,3.1417808799999998
24.41230722,0.71111711,25.113832088383454,0.9100093560423517,23.133402475288214,0.13690935604235221,0.7291743731757138,1.4018958202203904,3.0536003099999998
24.53407593,0.33070784999999997,25.240931409035618,0.5664093560423566,23.220537336024968,-0.1207906439576476,0.7451173519609561,1.3889688721882605,2.9433274999999997
24.64827076,-0.051989450000000006,25.32828382449457,0.30870935604235683,23.39088718706767,-0.5932406439576425,0.7697541143531994,1.3689288894755072,2.82604278
24.754385120000002,-0.43697334000000004,25.50628771338345,-0.2066906439576428,23.477513784812025,-0.8509406439576495,0.786376264922392,1.3423000169003543,2.70107952
24.851929849999998,-0.82421608,25.67032367492191,-0.6791406439576448,23.650021751844996,-1.366340643957649,0.8311530152825035,1.318515119085422,2.57062696
24.940792690000002,-1.21351198,25.756113546716783,-0.9368406439576447,23.73581401773128,-1.6240406439576454,0.8609849752375749,1.2729915100083518,2.43587244
25.02075257,-1.60504297,25.85561438005012,-1.2374906439576492,23.82154643133216,-1.8817406439576452,0.9121891000550858,1.2307140064987487,2.2980223200000003
25.0899615,-1.9983870199999998,26.0143248562406,-1.7528906439576453,23.985857713383446,-2.397140643957645,0.9564079072290812,1.1739035838774712,2.15793953
25.14457659,-2.39449392,26.099648470959202,-2.010590643957645,24.079186902572637,-2.697790643957646,1.0293415483477786,1.1077202213736166,2.01729567
25.18039702,-2.79240378,26.271752157827898,-2.697790643957646,24.163179856240596,-2.9984406439576468,1.0954486215131756,1.0378737628229309,1.8781619800000002
25.19226844,-3.1912518,26.315049228534967,-2.9125406439576444,24.250429713383447,-3.4708906439576452,1.1568563470049642,0.9824754806124463,1.74318277
25.17354915,-3.58983495,26.40002446776942,-3.6426906439576463,24.251718213383448,-3.6426906439576463,1.2276137134625635,0.9233450059902272,1.6157708199999998
25.116954659999998,-3.9855284699999998,26.359765570526314,-4.201040643957647,24.251046431332163,-3.9433406439576473,1.26135817928422,0.8669353338864704,1.5013307
25.01555819,-4.37266405,26.27238845412419,-4.673490643957646,24.20806745022555,-4.158090643957646,1.292330821597411,0.835513639267551,1.37834062
24.86012901,-4.74046623,26.01380181174411,-5.403640643957647,24.07848032207911,-4.5016906439576445,1.330699529124501,0.8173056049106251,1.34463832
24.647376729999998,-5.0787495,25.80087418397168,-5.790190643957647,24.03580697264271,-4.587590643957647,1.3552508541354686,0.7843816609169826,1.38149367
24.38479951,-5.38009885,25.54207938005012,-6.176740643957647,23.903178963383446,-4.8023406439576455,1.404967916182884,0.7521721183163523,1.41740314
24.08242095,-5.636435929999999,25.025247713383457,-6.737042916684917,23.52199771338345,-5.188340002932005,1.4492267058303134,0.71754035704948,1.4529997399999999
23.742118830000003,-5.83769707,24.681647713383448,-7.001380643957649,23.436097713383454,-5.268654929671932,1.4956182611250077,0.6461098059032906,1.4881612199999998
23.36984991,-5.9853141999999995,23.90854771338345,-7.381130227290981,23.26429771338345,-5.357827310624316,1.4961609891360397,0.6363026501193831,1.52844304
22.982225930000002,-6.0867872499999995,23.00659771338345,-7.551527580894586,23.00659771338345,-5.40319324812431,1.464943077656764,0.6840283204851313,1.60971485
22.58907018,-6.15113372,22.36234771338345,-7.509671678440405,22.577097713383445,-5.400777310624317,1.3773265630895664,0.750451917878855,1.69388987
22.19207258,-6.18467051,22.061697713383445,-7.4723989772909825,22.319397713383445,-5.35971450759401,1.2943114815672723,0.8347239636531253,1.77411459
21.79213312,-6.19066533,21.417447713383446,-7.339253977290976,22.10464771338345,-5.316693082982038,1.2081577027098438,0.9281663965234084,1.85742519
21.39211289,-6.17367345,20.94499771338345,-7.210225018957647,21.58924771338345,-5.186364173369412,1.128871620809651,1.0067977683284952,1.9451041100000002
20.99392741,-6.13958518,20.644347713383446,-7.12261678032128,21.159747713383446,-5.056461477290984,1.0433393942129952,1.095743276677647,2.03657702
20.59728937,-6.09257876,20.386647713383447,-7.041876358243361,21.030897713383446,-5.015609609474886,0.9723866707913975,1.160981802886903,2.1307531600000003
20.20198019,-6.0348171399999995,19.957147713383456,-6.910194490111493,20.472547713383456,-4.844216893957643,0.9089710923315502,1.2209568913708524,2.22532133
19.80799615,-5.96854321,19.527647713383452,-6.780188143957645,20.17189771338345,-4.7560867978038,0.8586982850410573,1.265888975901363,2.31852093
19.41541791,-5.89564073,19.098147713383447,-6.651338143957645,19.742397713383447,-4.6272367978038,0.8195968271799109,1.3098718742806343,2.4091563799999998
19.02399992,-5.81708634,18.797497713383457,-6.56451778681479,19.441747713383457,-4.533903143957648,0.780997450245398,1.3494711310295644,2.49626895
18.63350711,-5.73306203,18.367997713383453,-6.4361586439576435,18.883397713383452,-4.371408977290979,0.7515584396774388,1.384393134052297,2.5792965299999997
18.24430984,-5.64339777,18.067347713383448,-6.349563263005269,18.582747713383448,-4.284414173369413,0.7280008913236486,1.400491560149977,2.65933332
17.856444930000002,-5.54815285,17.637847713383458,-6.221735882052883,18.153247713383458,-4.156989361906362,0.7081658309902105,1.4224724049446529,2.73678335
17.46996475,-5.44750551,17.337197713383453,-6.135381384698384,17.852597713383453,-4.070805160086678,0.7005714132078228,1.4288848232517086,2.8118372799999998
17.08485763,-5.341598299999999,17.03654771338345,-6.049153879251762,17.55194771338345,-3.984572643957648,0.7092028946456682,1.43516263090715,2.88466179
16.70115428,-5.23076868,16.607047713383444,-5.922344490111492,17.122447713383444,-3.856564113345403,0.6979492438649982,1.4373330678817482,2.95496275
16.31868177,-5.115777039999999,16.00574771338345,-5.749030227290984,16.64999771338345,-3.7238184217354267,0.7063549553904762,1.4308455714370725,3.02343952
15.93710656,-4.9977699,15.705097713383445,-5.662726127828613,16.349347713383445,-3.6341006439576446,0.704269046484653,1.4246180570307336,3.09027997
15.55609293,-4.87790636,15.275597713383455,-5.53639518941219,15.919847713383454,-3.511795405862408,0.7157409482525076,1.4137102537115112,3.15554964
15.17539226,-4.75707784,14.97494771338345,-5.449275018957646,15.61919771338345,-3.4250773106243138,0.7206351024098383,1.4039902744356876,3.2192929300000004
14.79483098,-4.63584461,14.674297713383446,-5.362558035261991,15.318547713383445,-3.33774564395765,0.7366414805163172,1.3997643167569482,3.2810194699999995
14.41429665,-4.51452396,14.244797713383456,-5.237976358243358,14.889047713383455,-3.2115999032169107,0.7430432437201796,1.386722636264305,3.34016756
14.03374667,-4.39326027,13.944147713383451,-5.14984518941219,14.287747713383446,-3.038322786814785,0.7618718483503142,1.3785398483105826,3.3970496
13.653164649999999,-4.27209734,13.342847713383456,-4.975930227290984,13.987097713383456,-2.9507184217354236,0.7692056515545361,1.3629209575227472,3.45182342
13.27255139,-4.15103689,12.913347713383452,-4.8506593939576454,13.686447713383451,-2.861000643957645,0.7864470289465217,1.3548076183035693,3.50463418
12.89190783,-4.03006192,12.612697713383447,-4.7626944901114925,13.256947713383447,-2.7385931439576474,0.7840336548957577,1.3420677017024634,3.55513799
12.511243109999999,-3.90915506,12.312047713383457,-4.67587675506876,12.956297713383456,-2.6515367978038,0.7921748315380478,1.3340454615200326,3.60394785
12.130562600000001,-3.78830065,11.882547713383453,-4.555378143957647,12.526797713383452,-2.5246891288061306,0.8061757039999178,1.324279555672397,3.65123098
11.74986985,-3.6674867300000003,11.581897713383448,-4.464109393957646,12.226147713383448,-2.438372643957649,0.8141389975983863,1.3181661654195294,3.6970723100000003
11.36916739,-3.5467049699999995,11.109447713383453,-4.330749643957645,11.624847713383453,-2.2647114772909838,0.825942105224788,1.3072412719592845,3.74155102
10.9884546,-3.42594901,10.808797713383449,-4.244718610059341,11.195347713383448,-2.1380984564576444,0.8382483253130215,1.3043633729236834,3.78439003
10.60773502,-3.30521574,10.379297713383444,-4.116403879251763,10.894697713383458,-2.0517510606243086,0.8427394617062642,1.2858931875689728,3.8260189799999997
10.22700971,-3.1845024,10.078647713383454,-4.030239481166948,10.594047713383453,-1.9651141733694146,0.8586515547652827,1.2734302270532907,3.8665369099999998
9.84627925,-3.06380674,9.64914771338345,-3.9025381439576456,10.164547713383449,-1.8376893619063601,0.861586449936143,1.2667512145830702,3.90599513
9.465544130000001,-2.9431268800000003,9.348497713383445,-3.816081384698382,9.863897713383444,-1.75145897729098,0.8807663883890969,1.2564863579607002,3.9444421
9.08480314,-2.82246066,8.74719771338345,-3.6436667803212828,9.434397713383454,-1.6232452735872762,0.887894653736622,1.2491332630060643,3.9816511300000004
8.70405847,-2.70180715,8.317697713383453,-3.515885882052885,9.13374771338345,-1.5372069483054744,0.9011097692479776,1.241340596156579,4.01794593
8.323310600000001,-2.58116503,8.017047713383448,-3.4294745725290703,8.661297713383448,-1.4021323106243102,0.9019013447515108,1.2265208690322842,4.0533892
7.9425598,-2.46053307,7.716397713383451,-3.343201454768458,8.403597713383448,-1.3226865455969872,0.9111820712088833,1.2277013768311005,4.08801459
7.561806300000001,-2.33991018,7.286897713383453,-3.2158750189576466,7.931147713383453,-1.1916773106243141,0.9180899357283052,1.2061723765510495,4.12185413
7.18104938,-2.21929506,6.986247713383449,-3.129158035261991,7.630497713383448,-1.1043456439576502,0.9304828440488243,1.202129778648851,4.154718770000001
6.80029041,-2.0986872300000003,6.5567477133834515,-3.0032128661798687,7.072147713383451,-0.9360597348667383,0.9367388491900267,1.1939887293616993,4.18686468
6.41952961,-1.9780859400000002,6.256097713383454,-2.9154039772909783,6.599697713383449,-0.8036956439576528,0.9514594515073633,1.188130090905546,4.21833324
6.03876709,-1.8574905000000002,5.654797713383452,-2.7420828314576475,6.299047713383452,-0.7135006439576443,0.9643319319886576,1.1732258067553272,4.24914785
5.65800293,-1.7369002900000001,5.525947713383452,-2.7025628661798677,5.869547713383447,-0.5905562689576485,0.9746500865797849,1.165699708310977,4.2793309399999995
5.27723693,-1.61631468,4.92464771338345,-2.5278580352619926,5.56889771338345,-0.5030456439576483,0.9773589126807836,1.1508405446344487,4.308722
4.89646974,-1.49573337,4.623997713383453,-2.44139215910916,5.268247713383452,-0.4128506439576469,0.9841298444351392,1.1449252638727234,4.33753107
4.51570139,-1.37515593,4.1944977133834485,-2.3141039772909764,4.838747713383448,-0.2900641733694158,0.9923684987863772,1.1321585787155481,4.36578612
4.13493192,-1.25458198,3.893847713383451,-2.2272080352619916,4.538097713383451,-0.20239564395765086,1.0020593984661954,1.1267824735541152,4.39350418
3.7541613099999998,-1.13401114,3.4643477133834537,-2.101262866179866,3.9797477133834533,-0.03412367967193575,1.0097365114631383,1.1227829936271752,4.42070162
3.3733899899999997,-1.0134432500000001,3.163697713383449,-2.0134539772909754,3.8079477133834487,0.010585826630588713,1.0217594166777506,1.1124189699646005,4.44724001
2.99261787,-0.89287799,2.5623977133834472,-1.8400921591091617,3.206647713383454,0.18844935604235502,1.040338437875065,1.1023055851975663,4.47329632
2.6118449200000002,-0.77231511,2.4335477133834473,-1.8006128661798684,2.948947713383447,0.2665263203280688,1.043640823871804,1.0921674828857482,4.49888957
2.2310711000000003,-0.65175437,1.8322477133834525,-1.6259080352619897,2.476497713383452,0.3989043560423511,1.0526326316695969,1.0789429925467826,4.5240326
1.85029639,-0.5311955700000001,1.531597713383448,-1.5394421591091572,2.1758477133834475,0.48909935604235244,1.057416678007015,1.0709740427594328,4.54873778
1.46952182,-0.41063886,1.1020977133834506,-1.412153977290977,1.7463477133834502,0.6118858266305836,1.0667862973835616,1.0593343712051064,4.57288401
1.0887466099999998,-0.29008384,0.8014477133834532,-1.3252580352619887,1.4456977133834528,0.6995543560423485,1.0743026903686834,1.052044604221997,4.59662376
0.7079706800000001,-0.16953036,0.3719477133834488,-1.1993128661798664,0.8873477133834484,0.8678263203280636,1.0832190194636884,1.0527511587866845,4.61996974
0.32719396,-0.048978310000000004,0.07129771338345137,-1.1115039772909796,0.7155477133834509,0.9125358266305881,1.0929060722150732,1.0369802663057188,4.637259240000001
-0.05358368,0.07157221999999999,-0.22935228661655316,-1.0246080352619913,0.11424771338344897,1.0903993560423544,1.1101827575215573,1.0325580418268487,4.66551986
