# c_x,c_y,i_x,i_y,o_x,o_y,i_d,o_d,vel
740.0,1050.0,745.0,1074.032258064516,739.0,1024.9655172413793,24.54688223949223,25.054447249773382,1.0
734.0,1051.0,737.0,1075.047619047619,731.0,1025.974358974359,24.234025292126148,25.204815189646826,1.0
728.0,1052.0,729.0,1076.0833333333335,724.0,1026.9333333333334,24.104085638008584,25.38380936301277,1.0
722.0,1052.0,722.0,1077.03125,716.0,1027.9642857142858,25.03125,24.77328321447294,1.0
716.0,1053.0,722.0,1077.03125,716.0,1027.9642857142858,24.768951866449658,25.03571428571422,1.0
710.0,1054.0,714.0,1078.0588235294117,708.0,1028.9767441860465,24.389075210416948,25.10305422713652,1.0
704.0,1055.0,707.0,1079.0277777777778,701.0,1029.96,24.214336764369037,25.219072147880425,1.0
698.0,1055.0,699.0,1080.05,694.0,1030.857142857143,25.06995213397899,24.471974808347746,1.0
692.0,1056.0,692.0,1081.025641025641,686.0,1031.952380952381,25.025641025641107,24.784833706511122,1.0
686.0,1057.0,691.0,1081.142857142857,685.0,1031.9818181818182,24.655172905911787,25.038159307097686,1.0
680.0,1058.0,684.0,1082.0416666666665,678.0,1032.9722222222222,24.37215083063257,25.107561818978553,1.0
674.0,1059.0,676.0,1083.111111111111,671.0,1033.9411764705883,24.193918223643404,25.237762117077615,1.0
668.0,1059.0,669.0,1084.037037037037,663.0,1034.96875,25.05699949303508,24.54589530985782,1.0
662.0,1060.0,662.0,1085.0217391304348,656.0,1035.923076923077,25.021739130434753,24.813267113624352,1.0
656.0,1061.0,661.0,1085.0833333333335,655.0,1035.9787234042553,24.596888918000417,25.041251615699238,1.0
650.0,1062.0,654.0,1086.032258064516,648.0,1036.9655172413793,24.362869857213028,25.11424549915201,1.0
644.0,1063.0,646.0,1087.0625,641.0,1037.9,24.145473825336293,25.27864711569817,1.0
638.0,1063.0,639.0,1088.0285714285715,633.0,1038.96,25.04854063124445,24.554461916319777,1.0
632.0,1064.0,638.0,1088.25,626.0,1039.857142857143,24.98124296347161,24.877249667525682,1.0
626.0,1065.0,631.0,1089.05,625.0,1039.975,24.564252482011288,25.04497205029394,1.0
620.0,1066.0,623.0,1090.1666666666665,618.0,1040.952380952381,24.35216166539986,25.12734008912698,1.0
614.0,1067.0,616.0,1091.0434782608695,610.0,1041.972972972973,24.126517504209026,25.344665746692034,1.0
608.0,1067.0,609.0,1092.0238095238096,603.0,1042.9444444444443,25.04378252349085,24.569691758066984,1.0
602.0,1068.0,608.0,1092.111111111111,602.0,1042.9807692307693,24.84644197893019,25.019230769230717,1.0
596.0,1069.0,600.0,1093.1666666666665,595.0,1043.96,24.495464432783685,25.059960095738347,1.0
590.0,1070.0,592.0,1094.1,587.0,1044.95,24.182845159327215,25.229001169289237,1.0
584.0,1070.0,584.0,1095.0263157894738,578.0,1045.9545454545455,25.026315789473756,24.78273359211043,1.0
578.0,1070.0,583.0,1095.0833333333335,577.0,1045.9787234042553,25.576817845680466,24.042082465736417,1.0
572.0,1071.0,572.0,1096.0344827586207,566.0,1046.9333333333334,25.034482758620697,24.803315190603886,1.0
566.0,1071.0,571.0,1096.1,565.0,1046.962962962963,25.59316314955999,24.057829276971066,1.0
560.0,1071.0,560.0,1097.0071942446043,560.0,1046.9885057471265,26.007194244604307,24.01149425287349,1.0
554.0,1071.0,554.0,1097.0081967213114,554.0,1046.9905660377358,26.00819672131138,24.00943396226421,1.0
548.0,1071.0,548.0,1097.00625,548.0,1046.983870967742,26.00624999999991,24.01612903225805,1.0
542.0,1070.0,540.0,1096.0357142857142,545.0,1046.9375,26.11241885324574,23.256803440068886,1.0
536.0,1069.0,532.0,1095.142857142857,538.0,1045.9722222222222,26.447097753663538,23.11446623616298,1.0
530.0,1068.0,526.0,1094.0263157894738,533.0,1044.9285714285716,26.331902961491615,23.26565744453667,1.0
524.0,1067.0,515.0,1091.125,530.0,1043.9655172413793,25.7490897897382,23.80309635230665,1.0
518.0,1065.0,507.0,1088.1,527.0,1042.6666666666665,25.585347369148533,24.078575077811074,1.0
512.0,1063.0,500.0,1085.0185185185185,523.0,1040.875,25.076187065627444,24.708614388508312,1.0
506.0,1060.0,492.0,1080.111111111111,520.0,1038.9756097560976,24.504219843191414,25.259156461131063,1.0
500.0,1055.0,485.0,1075.0666666666666,517.0,1036.9285714285716,25.053365265191594,24.810814791381606,1.0
494.0,1050.0,478.0,1069.090909090909,511.0,1031.8,24.909090909090846,24.90461804565574,1.0
489.0,1044.0,470.95652173913044,1062.0,507.0083333333333,1027.0,25.486606438489854,24.764895910228336,1.0
484.0,1038.0,462.875,1052.0,504.05882352941177,1024.0,25.342960067837378,24.461324604037355,1.0
479.0,1032.0,458.8888888888889,1046.0,501.125,1020.0,24.504219843191414,25.16973629182475,1.0
476.0,1026.0,453.9848484848485,1038.0,498.0625,1015.0,25.07323067008074,24.65266529708299,1.0
473.0,1020.0,449.8,1029.0,495.0833333333333,1009.0,24.884533349050358,24.671311499616518,1.0
471.0,1014.0,446.97297297297297,1022.0,493.125,1004.0,25.323862812720485,24.27994285413374,1.0
470.0,1008.0,444.97222222222223,1016.0,492.2,1001.0,26.275267087012203,23.27745690577043,1.0
468.0,1002.0,442.96774193548384,1008.0,491.25,997.0,25.741288697509574,23.781557980922948,1.0
468.0,996.0,441.94736842105266,1003.0,490.125,991.0,26.976649387727235,22.682936868932998,1.0
467.0,990.0,440.96153846153845,996.0,490.02564102564105,990.0,26.720806112277774,23.02564102564105,1.0
466.0,984.0,439.9895833333333,984.0,490.0079365079365,984.0,26.010416666666686,24.007936507936506,1.0
467.0,978.0,440.96774193548384,971.0,490.0163934426229,978.0,26.95697423557708,23.016393442622928,1.0
467.0,972.0,440.96774193548384,971.0,490.14285714285717,976.0,26.051457923455388,23.485992351499544,1.0
468.0,966.0,442.96153846153845,959.0,491.1111111111111,970.0,25.99854911746073,23.454710759037773,1.0
469.0,960.0,443.9,955.0,492.05882352941177,966.0,25.5931631495601,23.826651937705257,1.0
471.0,954.0,446.8333333333333,945.0,494.02941176470586,960.0,25.788132498840987,23.79818913758718,1.0
473.0,948.0,449.94117647058823,937.0,496.05263157894734,955.0,25.548176893088748,24.091986690903685,1.0
475.0,942.0,452.98039215686276,930.0,497.03333333333336,953.0,25.07714356870716,24.626566504037445,1.0
478.0,936.0,456.75,923.0,499.07142857142856,949.0,24.911091907020054,24.758939840809333,1.0
482.0,930.0,459.94117647058823,918.0,502.25,944.0,25.111584886297607,24.618336661927426,1.0
486.0,924.0,466.96774193548384,908.0,505.14285714285717,940.0,24.864167933682,24.948927423675705,1.0
492.0,918.0,473.95454545454544,900.0,510.0082644628099,935.0,25.488005605619023,24.764845829572653,1.0
498.0,912.0,484.0,890.8333333333333,515.0,930.0144927536232,25.377702373890767,24.769375227694873,1.0
504.0,907.0,489.0,886.9411764705883,517.0,928.0769230769231,25.047083690203955,24.76361618161882,1.0
510.0,903.0,495.0,882.9166666666667,523.0,924.0277777777778,25.06671653363828,24.721800870317015,1.0
516.0,900.0,506.0,876.75,526.0,922.3333333333333,25.309336222034744,24.469936202977205,1.0
522.0,898.0,515.0,872.9642857142858,531.0,920.015625,25.99590332717667,23.78419105499754,1.0
528.0,896.0,521.0,870.909090909091,536.0,918.0666666666666,26.04906368774625,23.472063773298146,1.0
534.0,895.0,528.0,868.9814814814815,540.0,917.05,26.701372734346243,22.851750479996014,1.0
540.0,894.0,534.0,867.952380952381,541.0,917.0138888888889,26.729729853664555,23.035604654319897,1.0
546.0,893.0,542.0,866.9411764705883,549.0,916.0833333333333,26.36403390486785,23.27746287243896,1.0
552.0,893.0,557.0,866.9583333333333,551.0,916.0416666666667,26.517322692492577,23.063356277389058,1.0
558.0,894.0,558.0,866.9772727272727,552.0,916.1111111111111,27.022727272727252,22.9107231349842,1.0
564.0,895.0,566.0,867.9375,560.0,917.047619047619,27.136302368782673,22.407532342248974,1.0
570.0,895.0,576.0,869.96,565.0,918.25,25.748817448574183,23.781557980922948,1.0
576.0,897.0,586.0,872.8,568.0,919.0232558139535,26.18472837361507,23.431256830286248,1.0
582.0,899.0,589.0,873.909090909091,574.0,921.0555555555557,26.04906368774625,23.461618249050982,1.0
588.0,901.0,599.0,877.952380952381,578.0,923.013698630137,25.53806460490246,24.178563385331564,1.0
594.0,903.0,605.0,880.9000000000001,582.0,925.0128205128206,24.686230980042215,25.071183995369132,1.0
600.0,907.0,614.0,885.9473684210527,588.0,928.25,25.28266790508645,24.40414923737355,1.0
606.0,910.0,619.0,888.9705882352941,591.0,930.0714285714287,24.723190715794534,25.057179508036477,1.0
612.0,915.0,626.0,893.9444444444443,598.0,935.0625,25.285102723799458,24.464339481171365,1.0
618.0,919.0,634.0,899.9583333333333,602.0,938.1111111111111,24.871370477809368,24.924577587217673,1.0
624.0,924.0,640.0,904.9333333333334,608.0,943.047619047619,24.89051581984141,24.875927950193528,1.0
630.0,929.0,646.0,909.8571428571429,613.0,947.0999999999999,24.948927423675663,24.8316330514124,1.0
636.0,934.0,651.0,913.9375,619.0,952.0555555555557,25.05002806884655,24.79925576342477,1.0
642.0,939.0,656.0,917.9375,628.0,959.125,25.2908858336358,24.515620020713325,1.0
648.0,943.0,663.0,922.969696969697,635.0,964.0666666666666,25.024249029406768,24.754887284018118,1.0
654.0,946.0,666.0,924.9565217391305,640.0,967.25,24.224532551025366,25.447249360196086,1.0
660.0,948.0,670.0,926.9861111111111,649.0,972.0769230769231,23.27194719473575,26.470705031261858,1.0
666.0,950.0,672.0,927.9714285714285,659.0,976.027027027027,22.831074420264923,26.951922674747948,1.0
672.0,951.0,675.0,928.9791666666667,667.0,978.0285714285715,22.22424578460293,27.487154699411686,1.0
678.0,952.0,681.0,929.6666666666667,677.0,979.0769230769231,22.533925041540687,27.095382693617935,1.0
684.0,953.0,681.0,929.6666666666667,686.0,979.0833333333334,23.525399984791775,26.159898275371404,1.0
690.0,952.0,690.0,928.9714285714285,696.0,978.0666666666667,23.028571428571468,26.74829174192464,1.0
696.0,951.0,690.0,928.9714285714285,702.0,977.0714285714286,22.831074420264923,26.752932320684046,1.0
702.0,951.0,695.0,927.9749999999999,707.0,976.0243902439024,24.06554850818913,25.51901461810621,1.0
708.0,950.0,700.0,926.8333333333333,715.0,974.04,24.50906861642131,25.038402504952234,1.0
714.0,949.0,707.0,924.9411764705883,722.0,972.1666666666667,25.056476001612328,24.50906861642131,1.0
720.0,947.0,714.0,922.9722222222222,726.0,971.0384615384614,24.7655830728508,24.775948682867618,1.0
726.0,945.0,718.0,921.8333333333333,733.0,969.0322580645161,24.50906861642131,25.030969371550498,1.0
732.0,944.0,724.0,919.9821428571429,740.0,967.0227272727273,25.315162684341814,24.373058303675787,1.0
738.0,942.0,731.0,917.9761904761904,743.0,966.0588235294117,25.022858030934167,24.5728913565208,1.0
744.0,940.0,738.0,915.9655172413793,750.0,964.0357142857142,24.772088355131377,24.77328321447294,1.0
750.0,938.0,745.0,913.9444444444443,757.0,962.0243902439024,24.569691758066984,25.0234155660516,1.0
756.0,937.0,748.0,912.9782608695652,764.0,960.0181818181818,25.318845764581372,24.36876472484552,1.0
762.0,935.0,755.0,910.96875,770.0,958.2,25.030001529414655,24.54057864028479,1.0
768.0,933.0,762.0,908.95,774.0,957.0263157894738,24.787143845146776,24.76416464198855,1.0
774.0,931.0,769.0,906.909090909091,781.0,955.0196078431372,24.60430655040784,25.018824131803235,1.0
780.0,930.0,772.0,905.9714285714285,787.0,953.25,25.325328130114347,24.28090813787656,1.0
786.0,928.0,779.0,903.9565217391305,794.0,951.090909090909,25.041742089577244,24.43747291854508,1.0
792.0,926.0,786.0,901.9230769230769,801.0,949.05,24.813267113624352,24.744746917275148,1.0
798.0,924.0,793.0,899.8333333333333,805.0,948.016129032258,24.678488158268152,25.01548427862367,1.0
804.0,922.0,796.0,898.9615384615386,811.0,946.1111111111111,24.38792139685477,25.1066859424406,1.0
810.0,921.0,803.0,896.9333333333334,818.0,944.0588235294117,25.064006951093067,24.407157609204543,1.0
816.0,919.0,810.0,894.8571428571429,825.0,942.0357142857142,24.877249667525682,24.731440165365587,1.0
822.0,917.0,813.0,893.9642857142858,828.0,941.1428571428571,24.731440165365587,24.877249667525682,1.0
828.0,915.0,820.0,891.9411764705883,835.0,939.0666666666666,24.407157609204543,25.064006951093067,1.0
834.0,914.0,827.0,889.8888888888889,842.0,937.0384615384614,25.1066859424406,24.38792139685477,1.0
840.0,912.0,833.0,887.983606557377,845.0,936.1666666666667,25.015738126045058,24.678488158268152,1.0
846.0,910.0,837.0,886.9473684210527,852.0,934.0714285714287,24.747198280101884,24.807935695446176,1.0
852.0,908.0,844.0,884.9000000000001,859.0,932.0416666666667,24.446063077722673,25.04000271787355,1.0
858.0,907.0,850.0,882.984126984127,866.0,930.0270270270271,25.31328024406433,24.377119881221326,1.0
864.0,905.0,857.0,880.9795918367347,869.0,929.0833333333333,25.01959248928452,24.596888918000197,1.0
870.0,903.0,864.0,878.9714285714285,876.0,927.0454545454545,24.766353080297492,24.78273359211043,1.0
876.0,901.0,871.0,876.9545454545455,883.0,925.0285714285715,24.559802203957563,25.027429850025772,1.0
882.0,900.0,874.0,875.9807692307693,890.0,923.0204081632653,25.316465921324003,24.370867690817487,1.0
888.0,898.0,881.0,873.9736842105262,893.0,922.05,25.025264242671163,24.564252482011288,1.0
894.0,896.0,888.0,871.9583333333333,900.0,920.03125,24.779058418574238,24.768951866449658,1.0
900.0,894.0,895.0,869.9285714285713,907.0,918.0212765957447,24.585232833337017,25.02042624115885,1.0
906.0,893.0,898.0,868.9749999999999,914.0,916.016393442623,25.321939597906088,24.367075472974147,1.0
912.0,891.0,905.0,866.9615384615386,920.0,914.1111111111111,25.036925393028785,24.456562652795718,1.0
918.0,889.0,912.0,864.9333333333334,927.0,912.0588235294117,24.803315190603886,24.752966338613867,1.0
924.0,887.0,919.0,862.8571428571429,931.0,911.0169491525423,24.655172905911787,25.016271636592936,1.0
930.0,885.0,922.0,861.9642857142858,937.0,909.1428571428571,24.385326174834287,25.137174682537548,1.0
936.0,884.0,929.0,859.9375,944.0,907.0625,25.060006110334452,24.410631008845307,1.0
942.0,882.0,936.0,857.875,951.0,905.037037037037,24.859920052164288,24.732672226142736,1.0
948.0,880.0,939.0,856.9666666666667,954.0,904.1666666666667,24.729222479577537,24.900356980930646,1.0
954.0,878.0,946.0,854.9444444444443,961.0,902.0714285714287,24.404070192804177,25.06857940668742,1.0
960.0,877.0,953.0,852.8888888888889,968.0,900.04,25.1066859424406,24.389374735732737,1.0
966.0,875.0,959.0,850.983870967742,971.0,899.2,25.01548427862367,24.711131095115864,1.0
972.0,873.0,963.0,849.95,978.0,897.0769230769231,24.744746917275148,24.813267113624352,1.0
978.0,871.0,970.0,847.909090909091,985.0,895.0434782608695,24.43747291854508,25.041742089577244,1.0
984.0,870.0,977.0,845.75,992.0,893.0277777777778,25.240097067959148,24.377829053931737,1.0
990.0,868.0,983.0,843.9803921568628,995.0,892.0833333333333,25.018824131803235,24.596888918000197,1.0
996.0,866.0,990.0,841.9722222222222,1002.0,890.047619047619,24.7655830728508,24.784833706511122,1.0
1002.0,864.0,994.0,840.8,1009.0,888.030303030303,24.54057864028479,25.0290923472704,1.0
1008.0,863.0,1000.0,838.9811320754718,1016.0,886.0208333333333,25.316121669322285,24.371269301394783,1.0
1014.0,861.0,1007.0,836.9743589743589,1019.0,885.05,25.024616414502123,24.564252482011288,1.0
1020.0,859.0,1014.0,834.96,1026.0,883.0322580645161,24.777441352972634,24.769929908651317,1.0
1026.0,857.0,1021.0,832.9333333333334,1033.0,881.0222222222221,24.580570466212567,25.021334106994026,1.0
1032.0,856.0,1024.0,831.9756097560976,1040.0,879.0169491525423,25.32136107304095,24.367600380232755,1.0
1038.0,854.0,1031.0,829.962962962963,1046.0,877.125,25.035557703392314,24.469687881131627,1.0
1044.0,852.0,1038.0,827.9375,1053.0,875.0588235294117,24.79927229275085,24.752966338613867,1.0
1050.0,850.0,1045.0,825.875,1057.0,874.0175438596491,24.637687087062375,25.01684258754825,1.0
1056.0,848.0,1048.0,824.9655172413793,1063.0,872.1428571428571,24.38416281025851,25.137174682537548,1.0
1062.0,847.0,1055.0,822.9444444444443,1070.0,870.0666666666666,25.053338162536836,24.41456760033051,1.0
1068.0,845.0,1062.0,820.9000000000001,1077.0,868.0416666666667,24.8356598462774,24.73698451262363,1.0
1074.0,843.0,1065.0,819.9705882352941,1080.0,867.2,24.725569886827127,24.93270943960969,1.0
1080.0,841.0,1072.0,817.9545454545455,1087.0,865.090909090909,24.394527566784518,25.087285640866813,1.0
1086.0,840.0,1079.0,815.9285714285713,1094.0,863.0526315789473,25.06857940668742,24.401307807465518,1.0
1092.0,838.0,1086.0,813.8571428571429,1101.0,861.0344827586207,24.877249667525682,24.730293082719303,1.0
1098.0,836.0,1089.0,812.9642857142858,1104.0,860.1428571428571,24.731440165365587,24.877249667525682,1.0
1104.0,834.0,1096.0,810.9444444444443,1111.0,858.0666666666666,24.404070192804177,25.064006951093067,1.0
1110.0,833.0,1103.0,808.9000000000001,1118.0,856.0416666666667,25.096015620014178,24.39094919796647,1.0
1116.0,831.0,1110.0,806.75,1121.0,855.2,24.98124296347161,24.711131095115864,1.0
1122.0,829.0,1113.0,805.9545454545455,1128.0,853.090909090909,24.74051283232847,24.82683831716077,1.0
1128.0,827.0,1120.0,803.9285714285713,1135.0,851.0526315789473,24.419066655516037,25.050530650518606,1.0
1134.0,826.0,1127.0,801.8571428571429,1142.0,849.0344827586207,25.137174682537548,24.38416281025851,1.0
1140.0,824.0,1133.0,799.9830508474577,1145.0,848.1428571428571,25.016271636592936,24.655172905911787,1.0
1146.0,822.0,1137.0,798.9444444444443,1152.0,846.0666666666666,24.74992205998462,24.803315190603886,1.0
1152.0,820.0,1144.0,796.9000000000001,1159.0,844.0416666666667,24.446063077722673,25.04000271787355,1.0
1158.0,819.0,1151.0,794.75,1166.0,842.0285714285715,25.240097067959148,24.378578753504442,1.0
1164.0,817.0,1157.0,792.9807692307693,1169.0,841.090909090909,25.018462117915234,24.60430655040784,1.0
1170.0,815.0,1164.0,790.9749999999999,1176.0,839.0526315789473,24.762888058544473,24.78969717186098,1.0
1176.0,813.0,1168.0,789.8571428571429,1183.0,837.0344827586207,24.48656441264663,25.033105310257366,1.0
1182.0,812.0,1174.0,787.9830508474577,1190.0,835.0243902439024,25.314301226694056,24.374629148020052,1.0
1188.0,810.0,1181.0,785.9782608695652,1193.0,834.0666666666666,25.02087030562007,24.580570466212567,1.0
1194.0,808.0,1188.0,783.9705882352941,1200.0,832.0416666666667,24.76716838392682,24.779058418574238,1.0
1200.0,806.0,1195.0,781.9545454545455,1207.0,830.0285714285715,24.559802203957563,25.027429850025772,1.0
1206.0,805.0,1198.0,780.9807692307693,1214.0,828.0212765957447,25.316465921324003,24.371688002634965,1.0
1212.0,803.0,1205.0,778.9749999999999,1217.0,827.0526315789473,25.02400097906017,24.5668289747084,1.0
1218.0,801.0,1212.0,776.9642857142858,1224.0,825.0344827586207,24.77328321447294,24.772088355131377,1.0
1224.0,799.0,1219.0,774.9444444444443,1231.0,823.0243902439024,24.569691758066984,25.0234155660516,1.0
1230.0,798.0,1222.0,773.9782608695652,1238.0,821.0188679245282,25.318845764581372,24.36941280636185,1.0
1236.0,796.0,1229.0,771.969696969697,1244.0,819.2,25.0290923472704,24.54057864028479,1.0
1242.0,794.0,1236.0,769.9545454545455,1248.0,818.0285714285715,24.78273359211043,24.766353080297492,1.0
1248.0,792.0,1243.0,767.9285714285713,1255.0,816.0212765957447,24.585232833337017,25.02042624115885,1.0
1254.0,791.0,1246.0,766.9749999999999,1262.0,814.0166666666667,25.321939597906088,24.36733355220558,1.0
1260.0,789.0,1253.0,764.9642857142858,1268.0,812.1428571428571,25.034287711546472,24.48656441264663,1.0
1266.0,787.0,1260.0,762.9444444444443,1275.0,810.0666666666666,24.792534220737192,24.760272839997306,1.0
1272.0,785.0,1267.0,760.9000000000001,1279.0,809.0188679245282,24.613207836444147,25.018113765348684,1.0
1278.0,784.0,1270.0,759.969696969697,1285.0,807.2,25.326971072913352,24.233035303073407,1.0
1284.0,782.0,1277.0,757.9565217391305,1292.0,805.0999999999999,25.041742089577244,24.446063077722673,1.0
1290.0,780.0,1284.0,755.9333333333334,1299.0,803.0588235294117,24.803315190603886,24.752966338613867,1.0
1296.0,778.0,1291.0,753.8888888888889,1303.0,802.0178571428571,24.624087374202205,25.017143356800197,1.0
1302.0,776.0,1294.0,752.969696969697,1309.0,800.2,24.38021447132046,25.192062241904733,1.0
1308.0,775.0,1301.0,750.9565217391305,1316.0,798.0999999999999,25.041742089577244,24.446063077722673,1.0
1314.0,773.0,1308.0,748.9333333333334,1323.0,796.0588235294117,24.803315190603886,24.752966338613867,1.0
1320.0,771.0,1315.0,746.8888888888889,1327.0,795.0178571428571,24.624087374202205,25.017143356800197,1.0
1326.0,769.0,1318.0,745.969696969697,1333.0,793.2,24.38021447132046,25.192062241904733,1.0
1332.0,768.0,1325.0,743.9565217391305,1340.0,791.0999999999999,25.041742089577244,24.446063077722673,1.0
1338.0,766.0,1332.0,741.9333333333334,1347.0,789.0588235294117,24.803315190603886,24.752966338613867,1.0
1344.0,764.0,1339.0,739.8888888888889,1351.0,788.0178571428571,24.624087374202205,25.017143356800197,1.0
1350.0,762.0,1342.0,738.969696969697,1357.0,786.2,24.38021447132046,25.192062241904733,1.0
1356.0,761.0,1349.0,736.9565217391305,1364.0,784.0999999999999,25.041742089577244,24.446063077722673,1.0
1362.0,759.0,1356.0,734.9333333333334,1371.0,782.0588235294117,24.803315190603886,24.752966338613867,1.0
1368.0,757.0,1363.0,732.8888888888889,1375.0,781.0178571428571,24.624087374202205,25.017143356800197,1.0
1374.0,755.0,1366.0,731.969696969697,1381.0,779.2,24.38021447132046,25.192062241904733,1.0
1380.0,754.0,1373.0,729.9565217391305,1388.0,777.0999999999999,25.041742089577244,24.446063077722673,1.0
1386.0,752.0,1380.0,727.9333333333334,1395.0,775.0588235294117,24.803315190603886,24.752966338613867,1.0
1392.0,750.0,1387.0,725.8888888888889,1399.0,774.0178571428571,24.624087374202205,25.017143356800197,1.0
1398.0,748.0,1390.0,724.969696969697,1405.0,772.2,24.38021447132046,25.192062241904733,1.0
1404.0,747.0,1397.0,722.9565217391305,1412.0,770.0999999999999,25.041742089577244,24.446063077722673,1.0
1410.0,745.0,1404.0,720.9333333333334,1419.0,768.0625,24.803315190603886,24.75639122024856,1.0
1416.0,743.0,1411.0,718.8888888888889,1423.0,767.0178571428571,24.624087374202205,25.017143356800197,1.0
1422.0,741.0,1414.0,717.96875,1429.0,765.2,24.381109010102474,25.192062241904733,1.0
1428.0,740.0,1421.0,715.9565217391305,1436.0,763.0999999999999,25.041742089577244,24.446063077722673,1.0
1434.0,738.0,1428.0,713.9333333333334,1443.0,761.0625,24.803315190603886,24.75639122024856,1.0
1440.0,736.0,1435.0,711.8888888888889,1447.0,760.0181818181818,24.624087374202205,25.017455063439982,1.0
1446.0,734.0,1438.0,710.96875,1453.0,758.2,24.381109010102474,25.192062241904733,1.0
1452.0,733.0,1445.0,708.9565217391305,1460.0,756.0999999999999,25.041742089577244,24.446063077722673,1.0
1458.0,731.0,1452.0,706.9375,1467.0,754.0666666666666,24.79927229275085,24.760272839997306,1.0
1464.0,729.0,1459.0,704.909090909091,1471.0,753.0188679245282,24.60430655040784,25.018113765348684,1.0
1470.0,727.0,1462.0,703.9729729729729,1478.0,751.016393442623,24.377119881221326,25.31377399738854,1.0
1476.0,726.0,1469.0,701.9642857142858,1484.0,749.1666666666667,25.034287711546472,24.50906861642131,1.0
1482.0,724.0,1476.0,699.952380952381,1488.0,748.0270270270271,24.784833706511122,24.764854688802238,1.0
1488.0,722.0,1483.0,697.9333333333334,1495.0,746.0217391304348,24.580570466212567,25.02087030562007,1.0
1494.0,721.0,1486.0,696.9772727272727,1502.0,744.0185185185185,25.319783285404196,24.369082764588782,1.0
1500.0,719.0,1493.0,694.9714285714285,1505.0,743.0434782608695,25.027429850025772,24.557867311330284,1.0
1506.0,717.0,1500.0,692.962962962963,1512.0,741.0333333333333,24.774566585913995,24.77097315631967,1.0
1512.0,715.0,1507.0,690.95,1519.0,739.0256410256411,24.564252482011288,25.024616414502123,1.0
1518.0,714.0,1510.0,689.9807692307693,1526.0,737.0212765957447,25.316465921324003,24.371688002634965,1.0
1524.0,712.0,1517.0,687.9767441860465,1529.0,736.0588235294117,25.02232642866466,24.5728913565208,1.0
1530.0,710.0,1524.0,685.9705882352941,1536.0,734.0416666666667,24.76716838392682,24.779058418574238,1.0
1536.0,708.0,1528.0,684.8,1543.0,732.03125,24.54057864028479,25.030001529414655,1.0
1542.0,707.0,1534.0,682.9830508474577,1550.0,730.0250000000001,25.314301226694056,24.37520512734209,1.0
1548.0,705.0,1541.0,680.98,1553.0,729.0833333333333,25.019200626718654,24.596888918000197,1.0
1554.0,703.0,1548.0,678.9756097560976,1560.0,727.0555555555557,24.762296472486423,24.792534220737192,1.0
1560.0,701.0,1552.0,677.875,1567.0,725.04,24.469687881131627,25.038402504952234,1.0
1566.0,700.0,1559.0,675.75,1574.0,723.030303030303,25.240097067959148,24.38021447132046,1.0
1572.0,698.0,1565.0,673.9824561403509,1577.0,722.125,25.01684258754825,24.637687087062375,1.0
1578.0,696.0,1569.0,672.9444444444443,1584.0,720.0769230769231,24.74992205998462,24.813267113624352,1.0
1584.0,694.0,1576.0,670.9230769230769,1591.0,718.05,24.424257996881412,25.048003912487673,1.0
1590.0,693.0,1583.0,668.875,1598.0,716.0384615384614,25.12002438294995,24.38792139685477,1.0
1596.0,691.0,1590.0,666.75,1601.0,715.2,24.98124296347161,24.711131095115864,1.0
1602.0,689.0,1593.0,665.9583333333333,1608.0,713.1111111111111,24.73698451262363,24.84644197893019,1.0
1608.0,687.0,1600.0,663.9411764705883,1615.0,711.0714285714287,24.407157609204543,25.06857940668742,1.0
1614.0,686.0,1607.0,661.909090909091,1622.0,709.047619047619,25.087285640866813,24.39657237736834,1.0
1620.0,684.0,1614.0,659.8571428571429,1629.0,707.037037037037,24.877249667525682,24.732672226142736,1.0
1626.0,682.0,1617.0,658.9666666666667,1632.0,706.1666666666667,24.729222479577537,24.900356980930646,1.0
1632.0,680.0,1624.0,656.9565217391305,1639.0,704.0999999999999,24.39266058385525,25.096015620014178,1.0
1638.0,679.0,1631.0,654.9375,1646.0,702.0666666666666,25.060006110334452,24.41456760033051,1.0
1644.0,677.0,1638.0,652.909090909091,1653.0,700.047619047619,24.82683831716077,24.742529049476165,1.0
1650.0,675.0,1645.0,650.8571428571429,1657.0,699.0166666666667,24.655172905911787,25.01600043527696,1.0
1656.0,673.0,1648.0,649.9677419354839,1663.0,697.2,24.382061265415338,25.192062241904733,1.0
1662.0,672.0,1655.0,647.9583333333333,1670.0,695.1111111111111,25.04000271787355,24.456562652795718,1.0
1668.0,670.0,1662.0,645.9473684210527,1674.0,694.0238095238096,24.78969717186098,24.76173305801285,1.0
1674.0,668.0,1669.0,643.9230769230769,1681.0,692.0204081632653,24.59061253511331,25.01959248928452,1.0
1680.0,666.0,1672.0,642.9761904761904,1688.0,690.0175438596491,24.374080597812654,25.314865455897014,1.0
1686.0,665.0,1679.0,640.9705882352941,1691.0,689.04,25.028236648988763,24.554461916319777,1.0
1692.0,663.0,1686.0,638.962962962963,1698.0,687.0322580645161,24.774566585913995,24.769929908651317,1.0
1698.0,661.0,1693.0,636.952380952381,1705.0,685.0256410256411,24.561921379635795,25.024616414502123,1.0
1704.0,660.0,1696.0,635.9811320754718,1712.0,683.0212765957447,25.316121669322285,24.371688002634965,1.0
1710.0,658.0,1703.0,633.9761904761904,1715.0,682.0588235294117,25.022858030934167,24.5728913565208,1.0
1716.0,656.0,1710.0,631.96,1722.0,680.0333333333333,24.777441352972634,24.77097315631967,1.0
1722.0,654.0,1717.0,629.9166666666667,1729.0,678.0208333333333,24.596888918000197,25.020000680011467,1.0
1728.0,653.0,1720.0,628.9714285714285,1735.0,676.25,25.325328130114347,24.28090813787656,1.0
1734.0,651.0,1727.0,626.95,1742.0,674.0769230769231,25.048003912487673,24.424257996881412,1.0
1740.0,649.0,1734.0,624.8571428571429,1749.0,672.0333333333333,24.877249667525682,24.729222479577537,1.0
1746.0,647.0,1737.0,623.95,1752.0,671.0769230769231,24.744746917275148,24.813267113624352,1.0
1752.0,645.0,1747.0,620.9230769230769,1759.0,669.0250000000001,24.59061253511331,25.02400097906017,1.0
1758.0,643.0,1750.0,619.9666666666667,1765.0,667.1428571428571,24.383077009361287,25.137174682537548,1.0
1764.0,642.0,1757.0,617.8571428571429,1772.0,665.0344827586207,25.137174682537548,24.38416281025851,1.0
1770.0,640.0,1763.0,615.9772727272727,1775.0,664.0833333333333,25.02181899102928,24.596888918000197,1.0
1776.0,638.0,1770.0,613.9375,1785.0,661.0588235294117,24.79927229275085,24.752966338613867,1.0
1782.0,637.0,1777.0,611.9615384615386,1789.0,660.0232558139535,25.532813323506137,24.06387974277512,1.0
1788.0,636.0,1781.0,610.9333333333334,1792.0,659.2,26.025713780370648,23.5423023512995,1.0
1794.0,635.0,1790.0,608.909090909091,1797.0,658.0243902439024,26.395748468078686,23.2190125996673,1.0
1800.0,634.0,1796.0,607.8333333333333,1802.0,657.0227272727273,26.47063362378106,23.109434676650555,1.0
1806.0,633.0,1803.0,606.9655172413793,1808.0,656.0666666666666,26.206760435218207,23.153209520736176,1.0
1812.0,633.0,1812.0,605.9909090909091,1812.0,656.0089285714287,27.0090909090909,23.00892857142867,1.0
1818.0,633.0,1818.0,605.9909909909909,1818.0,656.0104166666667,27.009009009009105,23.010416666666742,1.0
1824.0,634.0,1826.0,606.96875,1820.0,656.0384615384614,27.105137456993276,22.398521982091673,1.0
1830.0,636.0,1839.0,609.9583333333333,1824.0,657.0666666666666,27.553010775190824,21.904438921014204,1.0
1836.0,637.0,1847.0,612.9772727272727,1826.0,658.05,26.421419825963813,23.30455963969279,1.0
1842.0,639.0,1857.0,618.8,1828.0,659.1428571428571,25.160286166894085,24.53028116181202,1.0
1848.0,643.0,1865.0,624.9545454545455,1830.0,661.0128205128206,24.791902503681815,25.464911207916842,1.0
1854.0,649.0,1872.0714285714287,632.0,1835.9918699186992,667.0,24.81081479138177,25.46159360733438,1.0
1858.0,655.0,1877.0333333333333,638.0,1838.875,670.0,25.519948624121028,24.3056706346482,1.0
1862.0,661.0,1883.0588235294117,647.0,1841.962962962963,675.0,25.287824114441012,24.44346238206835,1.0
1865.0,667.0,1888.016393442623,656.0,1842.9565217391305,677.0,25.509887634123718,24.20567978465853,1.0
1867.0,673.0,1892.015873015873,666.0,1844.9756097560976,682.0,25.97679546722966,23.79230475628,1.0
1868.0,679.0,1894.037037037037,673.0,1845.9736842105262,685.0,26.71941798894643,22.828898073661392,1.0
1869.0,685.0,1895.0454545454545,678.0,1846.974358974359,690.0,26.969718249906446,22.586032466779212,1.0
1870.0,691.0,1896.0714285714287,684.0,1846.9833333333333,691.0,26.99480297677883,23.01666666666665,1.0
1870.0,697.0,1897.0087719298247,697.0,1846.99,697.0,27.00877192982466,23.00999999999999,1.0
1870.0,703.0,1896.032258064516,707.0,1846.96,701.0,26.337776290673506,23.126642644361468,1.0
1869.0,709.0,1895.030303030303,714.0,1845.972972972973,707.0,26.506162978624456,23.113718301117977,1.0
1868.0,715.0,1894.0222222222221,719.0,1844.9285714285713,712.0,26.32785690827704,23.2656574445369,1.0
1867.0,721.0,1892.0714285714287,727.0,1843.75,716.0,25.779381889646807,23.781557980922948,1.0
1866.0,727.0,1890.0151515151515,735.0,1842.972972972973,719.0,25.31259572417818,24.377119881221326,1.0
1864.0,733.0,1888.0285714285715,741.0,1840.8,726.0,25.325328130114347,24.233035303073407,1.0
1863.0,739.0,1886.090909090909,747.0,1838.9565217391305,732.0,24.43747291854508,25.041742089577244,1.0
1861.0,745.0,1884.3333333333333,753.0,1836.974358974359,738.0,24.666666666666597,25.024616414502123,1.0
1859.0,751.0,1882.0166666666667,760.0,1834.9782608695652,744.0,24.71369952970303,25.02087030562007,1.0
1856.0,757.0,1880.0192307692307,766.0,1832.9807692307693,750.0,25.650018455072498,24.060028786497703,1.0
1854.0,763.0,1878.015625,772.0,1830.975,756.0,25.646641966164403,24.06554850818913,1.0
1852.0,769.0,1876.2,777.0,1828.9642857142858,762.0,25.488036409264684,24.075799730290544,1.0
1850.0,775.0,1874.090909090909,783.0,1826.9473684210527,768.0,25.384481496111796,24.091986690903628,1.0
1848.0,781.0,1872.0555555555557,789.0,1824.9,774.0,25.350931996406455,24.137315509393247,1.0
1846.0,787.0,1870.0217391304348,795.0,1822.9811320754718,779.0,25.318845764581372,24.36941280636185,1.0
1844.0,793.0,1867.0625,803.0,1820.952380952381,785.0,25.137201639203994,24.39657237736834,1.0
1842.0,799.0,1866.0344827586207,806.0,1818.6666666666667,791.0,25.033105310257366,24.666666666666597,1.0
1840.0,805.0,1863.1666666666667,814.0,1816.9722222222222,796.0,24.853459405975016,24.724047997500698,1.0
1838.0,811.0,1861.0357142857142,820.0,1814.9,802.0,24.731440165365587,24.7913291293548,1.0
1836.0,817.0,1859.015873015873,826.0,1811.9722222222222,810.0,24.712960378772742,25.02666787525407,1.0
1833.0,823.0,1857.0666666666666,831.0,1809.909090909091,816.0,25.361475596747944,24.128615431570545,1.0
1831.0,829.0,1855.0232558139535,837.0,1807.9818181818182,821.0,25.32028475161071,24.36876472484552,1.0
1829.0,835.0,1852.0714285714287,845.0,1805.9545454545455,827.0,25.145393540896016,24.394527566784518,1.0
1827.0,841.0,1851.037037037037,848.0,1803.6666666666667,833.0,25.035557703392314,24.666666666666597,1.0
1825.0,847.0,1848.2,856.0,1801.9736842105262,838.0,24.88453334905041,24.722686319179967,1.0
1823.0,853.0,1846.0384615384614,862.0,1799.9166666666667,844.0,24.73399907130197,24.775800244952215,1.0
1821.0,859.0,1844.0166666666667,868.0,1796.974358974359,852.0,24.71369952970303,25.024616414502123,1.0
1819.0,865.0,1842.076923076923,873.0,1794.9166666666667,858.0,24.424257996881412,25.08001085415317,1.0
1816.0,871.0,1840.027027027027,879.0,1793.8,861.0,25.323862812720538,24.348305895893496,1.0
1814.0,877.0,1837.142857142857,887.0,1790.969696969697,869.0,25.210946763949433,24.38021447132046,1.0
1812.0,883.0,1836.0714285714287,890.0,1788.9166666666667,875.0,25.06857940668742,24.430314729404824,1.0
1810.0,889.0,1834.027027027027,896.0,1786.984126984127,880.0,25.02594709012009,24.712960378772742,1.0
1808.0,895.0,1831.1666666666667,904.0,1784.969696969697,886.0,24.853459405975016,24.72640001430826,1.0
1806.0,901.0,1829.0625,910.0,1782.9375,892.0,24.75639122024856,24.75639122024856,1.0
1804.0,907.0,1827.037037037037,916.0,1780.875,898.0,24.732672226142736,24.814625223847326,1.0
1802.0,913.0,1825.0243902439024,922.0,1777.983606557377,906.0,24.720892906679335,25.015738126045058,1.0
1800.0,919.0,1823.017543859649,928.0,1775.9782608695652,912.0,24.714516489926922,25.02087030562007,1.0
1798.0,925.0,1821.25,933.0,1773.9655172413793,918.0,24.587852691928997,25.033105310257366,1.0
1795.0,931.0,1819.0833333333333,939.0,1771.9375,924.0,25.377291905253422,24.101429547850476,1.0
1793.0,937.0,1817.0384615384614,945.0,1770.909090909091,927.0,25.334712019995205,24.248881715716422,1.0
1791.0,943.0,1814.0625,953.0,1767.9545454545455,935.0,25.137201639203994,24.394527566784518,1.0
1789.0,949.0,1812.090909090909,958.0,1765.9615384615386,940.0,24.782858645536116,24.73399907130197,1.0
1786.0,955.0,1810.0588235294117,963.0,1763.923076923077,945.0,25.354033005014696,24.23614104069333,1.0
1783.0,961.0,1806.0588235294117,972.0,1760.9857142857143,951.0,25.548176893088694,24.17909790521981,1.0
1780.0,967.0,1802.032258064516,980.0,1758.9833333333333,955.0,25.581641765559823,24.20124537658707,1.0
1777.0,973.0,1799.04,985.0,1755.875,960.0,25.09505130498837,24.80454847401984,1.0
1772.0,979.0,1793.0714285714287,993.0,1754.0,961.9583333333333,25.298322119081742,24.787464629884603,1.0
1766.0,984.0,1778.0,1006.1428571428571,1753.0,962.9285714285713,25.18543472821103,24.75893984080943,1.0
1760.0,988.0,1773.0,1009.0666666666667,1747.0,966.8,24.754887284018217,24.868453912537504,1.0
1754.0,990.0,1765.0,1013.0357142857143,1744.0,967.9818181818182,25.527321298034064,24.18264523534412,1.0
1748.0,993.0,1757.0,1016.0625,1739.0,969.9565217391305,24.75639122024856,24.738671960296607,1.0
1742.0,994.0,1747.0,1019.125,1736.0,970.9411764705883,25.617681881856523,23.826651937705204,1.0
1736.0,996.0,1743.0,1020.1428571428571,1732.0,971.9411764705883,25.137174682537548,24.389075210416948,1.0
1730.0,997.0,1734.0,1022.0263157894736,1727.0,972.9756097560976,25.34396342315972,24.210975333334126,1.0
1724.0,998.0,1728.0,1023.027027027027,1722.0,973.95,25.34466574669192,24.133016802712373,1.0
1718.0,999.0,1721.0,1024.0294117647059,1715.0,974.9642857142858,25.208559127550227,24.22221214555943,1.0
1712.0,1000.0,1713.0,1025.027027027027,1707.0,975.9655172413793,25.04699746100407,24.54906029717707,1.0
1706.0,1001.0,1712.0,1025.142857142857,1706.0,975.983870967742,24.877249667525682,25.01612903225805,1.0
1700.0,1002.0,1704.0,1026.125,1699.0,976.9655172413793,24.454357996070968,25.054447249773382,1.0
1694.0,1003.0,1697.0,1027.0333333333333,1691.0,977.9642857142857,24.21984952701213,25.214816870164274,1.0
1688.0,1004.0,1689.0,1028.05,1683.0,978.9629629629629,24.070781042583512,25.531416403990708,1.0
1682.0,1004.0,1682.0,1029.0232558139535,1682.0,978.9833333333333,25.023255813953483,25.01666666666665,1.0
1676.0,1005.0,1681.0,1029.1,1675.0,979.96875,24.613207836444147,25.051217067489954,1.0
1670.0,1006.0,1674.0,1030.030303030303,1667.0,980.9722222222222,24.360941355542682,25.206936753477795,1.0
1664.0,1007.0,1666.0,1031.0454545454545,1660.0,981.875,24.128486987325143,25.441415546309525,1.0
1658.0,1007.0,1659.0,1032.0217391304348,1652.0,982.9166666666666,25.041713781439356,24.819487191407607,1.0
1652.0,1008.0,1658.0,1032.0833333333335,1651.0,982.9777777777778,24.819487191407717,25.04219648789364,1.0
1646.0,1009.0,1650.0,1033.1,1644.0,983.9375,24.429695045169836,25.14217385688835,1.0
1640.0,1010.0,1642.0,1034.111111111111,1636.0,984.952380952381,24.193918223643404,25.364999900545,1.0
1634.0,1011.0,1635.0,1035.025641025641,1628.0,985.96,24.046443119367343,25.748817448574183,1.0
1628.0,1011.0,1634.0,1035.125,1627.0,985.9827586206897,24.859920052164288,25.037219618613364,1.0
1622.0,1012.0,1626.0,1036.1666666666665,1620.0,986.9666666666667,24.495464432783685,25.113099724601426,1.0
1616.0,1013.0,1619.0,1037.0277777777778,1612.0,987.9705882352941,24.214336764369037,25.34702059981007,1.0
1610.0,1014.0,1611.0,1038.0294117647059,1605.0,988.8571428571429,24.050210596952873,25.635195831241877,1.0
1604.0,1014.0,1610.0,1038.25,1604.0,988.9736842105264,24.98124296347161,25.026315789473642,1.0
1598.0,1015.0,1603.0,1039.0357142857142,1596.0,989.9767441860465,24.55026601127749,25.10305422713652,1.0
1592.0,1016.0,1595.0,1040.05,1589.0,990.9285714285714,24.236387932198102,25.25027783237729,1.0
1586.0,1017.0,1588.0,1041.0227272727273,1581.0,991.9473684210526,24.105837998705493,25.546709162443456,1.0
1580.0,1017.0,1580.0,1042.0277777777778,1580.0,991.9803921568628,25.02777777777783,25.019607843137237,1.0
1574.0,1018.0,1579.0,1042.2,1573.0,992.9565217391304,24.711131095115864,25.063435586580088,1.0
1568.0,1019.0,1572.0,1043.037037037037,1565.0,993.9677419354839,24.367583990208924,25.21138520209731,1.0
1562.0,1020.0,1564.0,1044.0555555555557,1558.0,994.9090909090909,24.138553251726265,25.407749192092282,1.0
1556.0,1020.0,1557.0,1045.0232558139535,1550.0,995.9565217391304,25.043229255240963,24.780816106030688,1.0
1550.0,1021.0,1556.0,1045.1,1549.0,995.9824561403509,24.8356598462774,25.037521857593376,1.0
1544.0,1022.0,1549.0,1046.0294117647059,1542.0,996.9722222222222,24.54409561906456,25.107561818978553,1.0
1538.0,1023.0,1541.0,1047.0384615384614,1535.0,997.9333333333333,24.2249382483442,25.245549662817414,1.0
1532.0,1024.0,1533.0,1048.0588235294117,1527.0,998.9642857142857,24.079596957162188,25.530119267169923,1.0
1526.0,1024.0,1526.0,1049.0238095238096,1520.0,999.875,25.023809523809632,24.859920052164288,1.0
1520.0,1025.0,1525.0,1049.1,1519.0,999.9756097560976,24.613207836444147,25.04436278045657,1.0
1514.0,1026.0,1518.0,1050.030303030303,1512.0,1000.95,24.360941355542682,25.129713488219434,1.0
1508.0,1027.0,1510.0,1051.04,1504.0,1001.9642857142857,24.12305121662677,25.3532441670868,1.0
1502.0,1027.0,1503.0,1052.0204081632653,1497.0,1002.8,25.040383875979078,24.711131095115864,1.0
1496.0,1028.0,1502.0,1052.0625,1496.0,1002.9722222222222,24.79927229275085,25.02777777777783,1.0
1490.0,1029.0,1494.0,1053.04,1488.0,1003.9772727272727,24.37050676535058,25.102527366089816,1.0
1484.0,1030.0,1486.0,1054.0294117647059,1481.0,1004.9444444444445,24.112499450653893,25.234517316515692,1.0
1478.0,1031.0,1478.0,1055.0232558139535,1473.0,1005.9,24.023255813953483,25.5931631495601,1.0
1472.0,1031.0,1477.0,1055.0833333333335,1472.0,1005.9756097560976,24.596888918000417,25.024390243902417,1.0
1466.0,1032.0,1469.0,1056.047619047619,1464.0,1006.9655172413793,24.234025292126148,25.11424549915201,1.0
1460.0,1033.0,1461.0,1057.0333333333333,1456.0,1007.9375,24.054128774726173,25.37969476274291,1.0
1454.0,1033.0,1454.0,1058.0144927536232,1448.0,1008.75,25.014492753623244,24.98124296347161,1.0
1448.0,1034.0,1452.0,1058.111111111111,1447.0,1008.969696969697,24.44065627212871,25.050270852603482,1.0
1442.0,1035.0,1444.0,1059.0588235294117,1439.0,1009.9545454545455,24.14180999054078,25.224487970787983,1.0
1436.0,1036.0,1437.0,1060.017543859649,1431.0,1010.9166666666666,24.038352960429048,25.576817845680353,1.0
1430.0,1036.0,1436.0,1060.04,1430.0,1010.9767441860465,24.777441352972634,25.023255813953483,1.0
1424.0,1037.0,1428.0,1061.047619047619,1422.0,1011.969696969697,24.37802251741125,25.110079047840443,1.0
1418.0,1038.0,1420.0,1062.0625,1415.0,1012.9375,24.145473825336293,25.241412524856845,1.0
1412.0,1039.0,1413.0,1063.0588235294117,1407.0,1013.9714285714285,24.079596957162188,25.523114773771322,1.0
1406.0,1039.0,1407.0,1064.0185185185185,1400.0,1014.972972972973,25.03849573879094,24.764854688802128,1.0
1400.0,1040.0,1406.0,1064.0588235294117,1394.0,1015.9444444444445,24.795705063969738,24.792534220737082,1.0
1394.0,1041.0,1400.0,1065.037037037037,1388.0,1016.9411764705883,24.774566585913995,24.795705063969738,1.0
1388.0,1043.0,1394.0,1066.0344827586207,1382.0,1017.9333333333333,23.80309635230665,25.774750780129384,1.0
1382.0,1044.0,1388.0,1067.04,1376.0,1018.9722222222222,23.808435479888182,25.736931839165088,1.0
1376.0,1045.0,1383.0,1068.0243902439024,1371.0,1019.9565217391304,24.06496511743802,25.537732933889203,1.0
1370.0,1047.0,1374.0,1070.0185185185185,1362.0,1021.95,23.363479937444637,26.296435119612653,1.0
1364.0,1048.0,1370.0,1071.090909090909,1355.0,1023.96,23.857704890551066,25.669468245368822,1.0
1358.0,1050.0,1368.0,1072.0277777777778,1347.0,1026.9777777777776,24.191382635706518,25.515146796547906,1.0
1352.0,1053.0,1366.0,1073.0238095238096,1338.0,1031.9285714285716,24.432620568531107,25.29832211908155,1.0
1346.0,1057.0,1363.0,1075.04,1331.0,1036.75,24.7879325479153,25.200446424617162,1.0
1340.0,1063.0,1358.0227272727273,1080.0,1318.9333333333334,1049.0,24.775364747004364,25.29435598002926,1.0
1335.0,1069.0,1354.0333333333333,1085.0,1314.95,1054.0,24.864991006991673,25.04001797123952,1.0
1331.0,1075.0,1352.0333333333333,1088.0,1310.9411764705883,1060.0,24.726526466754482,25.047083690203955,1.0
1327.0,1081.0,1349.111111111111,1093.0,1306.9,1067.0,25.15752838750063,24.495101551126428,1.0
1325.0,1087.0,1347.1666666666667,1097.0,1301.8,1077.0,24.317917491247364,25.263412279421047,1.0
1322.0,1093.0,1344.0625,1104.0,1297.9375,1086.0,24.65266529708299,25.060006110334452,1.0
1320.0,1099.0,1342.0526315789473,1109.0,1295.952380952381,1091.0,24.21401576684014,25.343401150189173,1.0
1317.0,1105.0,1340.142857142857,1114.0,1293.974358974359,1096.0,24.83126732035021,24.722057856126924,1.0
1315.0,1111.0,1337.076923076923,1122.0,1290.962962962963,1104.0,24.665573833673108,25.035557703392314,1.0
1312.0,1117.0,1336.0243902439024,1125.0,1289.8,1107.0,25.32136107304095,24.348305895893496,1.0
1310.0,1123.0,1334.047619047619,1130.0,1287.9375,1112.0,25.045717834779857,24.65266529708299,1.0
1308.0,1129.0,1331.03125,1138.0,1284.888888888889,1120.0,24.727282029420458,24.80168253949966,1.0
1305.0,1135.0,1329.0666666666666,1143.0,1282.9545454545455,1125.0,25.361475596747944,24.207479549009243,1.0
1303.0,1141.0,1326.1,1151.0,1279.9655172413793,1133.0,25.17161099333922,24.38416281025851,1.0
1301.0,1147.0,1325.037037037037,1154.0,1278.909090909091,1136.0,25.035557703392314,24.678092804404603,1.0
1299.0,1153.0,1322.0625,1162.0,1275.952380952381,1144.0,24.75639122024856,24.742529049476165,1.0
1296.0,1159.0,1319.125,1170.0,1272.969696969697,1152.0,25.607921137804215,24.070622294979906,1.0
1294.0,1165.0,1318.0434782608695,1173.0,1271.9285714285713,1155.0,25.339472111330664,24.231136151317333,1.0
1292.0,1171.0,1315.032258064516,1181.0,1268.888888888889,1163.0,25.109458607275204,24.456562652795718,1.0
1290.0,1177.0,1312.090909090909,1188.0,1266.6666666666667,1168.0,24.678092804404603,25.00888730920352,1.0
1287.0,1183.0,1309.0277777777778,1195.0,1264.9736842105262,1172.0,25.08431768709611,24.620288122961128,1.0
1284.0,1189.0,1306.0384615384614,1201.0,1261.9722222222222,1178.0,25.093700145300293,24.62159608610219,1.0
1281.0,1195.0,1303.142857142857,1206.0,1260.923076923077,1180.0,24.724605607551723,25.06158096043997,1.0
1277.0,1201.0,1298.0625,1214.0,1256.9714285714285,1186.0,24.751341504047815,25.022863015038652,1.0
1272.0,1207.0,1291.0833333333333,1223.0,1253.8,1190.0,24.90328514696622,24.90461804565574,1.0
1266.0,1212.0,1280.0,1233.111111111111,1252.0,1191.888888888889,25.331383940591916,24.504219843191414,1.0
1260.0,1216.0,1272.0,1238.0238095238096,1249.0,1193.9655172413793,25.08083303921638,24.62759489759308,1.0
1254.0,1218.0,1262.0,1242.111111111111,1247.0,1194.9615384615386,25.403654835718903,24.078428313724437,1.0
1248.0,1220.0,1256.0,1244.04,1241.0,1196.6666666666665,25.33617177081017,24.360715187458094,1.0
1242.0,1222.0,1248.0,1246.0243902439024,1236.0,1197.9736842105262,24.762296472486423,24.76416464198855,1.0
1236.0,1223.0,1243.0,1247.0833333333335,1232.0,1198.9,25.080010854153386,24.429695045169836,1.0
1230.0,1224.0,1234.0,1249.025,1227.0,1199.9545454545455,25.34266412593602,24.23187744062599,1.0
1224.0,1226.0,1229.0,1250.0232558139535,1217.0,1201.9782608695652,24.53806878918245,25.02087030562007,1.0
1218.0,1227.0,1224.0,1251.0217391304348,1212.0,1202.9756097560976,24.759724369440388,24.762296472486423,1.0
1212.0,1228.0,1218.0,1252.2,1207.0,1203.9722222222222,24.93270943960969,24.542495898711564,1.0
1206.0,1229.0,1213.0,1253.142857142857,1202.0,1204.967741935484,25.137174682537548,24.362869857213028,1.0
1200.0,1231.0,1203.0,1255.090909090909,1197.0,1205.9615384615386,24.276982943241574,25.217544611103843,1.0
1194.0,1232.0,1198.0,1256.076923076923,1187.0,1207.9375,24.406929853057548,25.060006110334452,1.0
1188.0,1233.0,1193.0,1257.0666666666666,1182.0,1208.9166666666665,24.580570466212567,24.819487191407717,1.0
1182.0,1234.0,1188.0,1258.0555555555557,1177.0,1209.9,24.792534220737192,24.613207836444147,1.0
1176.0,1235.0,1183.0,1259.047619047619,1172.0,1210.9,25.045717834779857,24.429695045169836,1.0
1170.0,1237.0,1173.0,1261.037037037037,1167.0,1211.9,24.22352471297037,25.27864711569817,1.0
1164.0,1238.0,1168.0,1262.0333333333333,1157.0,1213.9,24.363930534934415,25.096015620014178,1.0
1158.0,1239.0,1163.0,1263.03125,1152.0,1214.9,24.54589530985782,24.8356598462774,1.0
1152.0,1240.0,1158.0,1264.030303030303,1147.0,1215.9,24.768033101725894,24.613207836444147,1.0
1146.0,1241.0,1153.0,1265.030303030303,1142.0,1216.9,25.0290923472704,24.429695045169836,1.0
1140.0,1243.0,1143.0,1267.0285714285715,1137.0,1217.9,24.215124300691937,25.27864711569817,1.0
1134.0,1244.0,1138.0,1268.0285714285715,1127.0,1219.9,24.359233257595797,25.096015620014178,1.0
1128.0,1245.0,1133.0,1269.0277777777778,1122.0,1220.9,24.542495898711564,24.8356598462774,1.0
1122.0,1246.0,1128.0,1270.0277777777778,1117.0,1221.9,24.7655830728508,24.613207836444147,1.0
1116.0,1247.0,1123.0,1271.027027027027,1112.0,1222.9,25.02594709012009,24.429695045169836,1.0
1110.0,1249.0,1113.0,1273.0263157894738,1107.0,1223.9,24.212886040608954,25.27864711569817,1.0
1104.0,1250.0,1108.0,1274.025641025641,1097.0,1225.9,24.35634263786271,25.096015620014178,1.0
1098.0,1251.0,1103.0,1275.025641025641,1092.0,1226.9,24.5404039635245,24.8356598462774,1.0
1092.0,1252.0,1098.0,1276.025641025641,1087.0,1227.909090909091,24.7635099832994,24.60430655040784,1.0
1086.0,1253.0,1093.0,1277.027027027027,1082.0,1228.909090909091,25.02594709012009,24.420726869330533,1.0
1080.0,1255.0,1083.0,1279.0294117647059,1077.0,1229.909090909091,24.215958163115996,25.269620476142105,1.0
1074.0,1256.0,1078.0,1280.030303030303,1067.0,1231.909090909091,24.360941355542682,25.087285640866813,1.0
1068.0,1257.0,1073.0,1281.032258064516,1062.0,1232.909090909091,24.54688223949223,24.82683831716077,1.0
1062.0,1258.0,1068.0,1282.0333333333333,1057.0,1233.909090909091,24.77097315631967,24.60430655040784,1.0
1056.0,1259.0,1063.0,1283.0357142857142,1052.0,1234.909090909091,25.034287711546472,24.420726869330533,1.0
1050.0,1261.0,1053.0,1285.04,1047.0,1235.909090909091,24.22646486799092,25.269620476142105,1.0
1044.0,1262.0,1048.0,1286.0416666666665,1037.0,1237.909090909091,24.37215083063257,25.087285640866813,1.0
1038.0,1263.0,1043.0,1287.0454545454545,1032.0,1238.909090909091,24.559802203957563,24.82683831716077,1.0
1032.0,1264.0,1038.0,1288.047619047619,1027.0,1239.909090909091,24.784833706511122,24.60430655040784,1.0
1026.0,1265.0,1033.0,1289.0526315789475,1022.0,1240.909090909091,25.050530650518827,24.420726869330533,1.0
1020.0,1267.0,1023.0,1291.0588235294117,1017.0,1241.909090909091,24.245143629588473,25.269620476142105,1.0
1014.0,1268.0,1018.0,1292.0625,1007.0,1243.909090909091,24.392701905488043,25.087285640866813,1.0
1008.0,1269.0,1013.0,1293.0714285714284,1002.0,1244.909090909091,24.585232833336793,24.82683831716077,1.0
1002.0,1270.0,1008.0,1294.076923076923,997.0,1245.909090909091,24.813267113624352,24.60430655040784,1.0
996.0,1271.0,1003.0,1295.0833333333335,992.0,1246.909090909091,25.080010854153386,24.420726869330533,1.0
990.0,1273.0,993.0,1297.1,987.0,1247.909090909091,24.286004199950135,25.269620476142105,1.0
984.0,1274.0,988.0,1298.111111111111,977.0,1249.888888888889,24.44065627212871,25.1066859424406,1.0
978.0,1275.0,983.0,1299.1,972.0,1250.875,24.613207836444147,24.859920052164288,1.0
972.0,1276.0,978.0,1300.090909090909,967.0,1251.857142857143,24.82683831716077,24.655172905911787,1.0
966.0,1277.0,973.0,1301.076923076923,962.0,1252.8333333333335,25.073855404625586,24.495464432783685,1.0
960.0,1279.0,963.0,1303.0625,956.0,1253.9803921568628,24.248791851347978,25.33733957274075,1.0
954.0,1280.0,958.0,1304.0555555555557,951.0,1254.9795918367347,24.38585149397955,25.199619533961084,1.0
948.0,1281.0,953.0,1305.0526315789475,941.0,1256.9782608695652,24.56682897470862,25.02087030562007,1.0
942.0,1282.0,948.0,1306.047619047619,936.0,1257.9772727272727,24.784833706511122,24.76068306044552,1.0
936.0,1283.0,943.0,1307.0454545454545,931.0,1258.9767441860465,25.043639597660693,24.53806878918245,1.0
930.0,1285.0,933.0,1309.0384615384614,926.0,1259.9756097560976,24.2249382483442,25.342062013165354,1.0
924.0,1286.0,928.0,1310.03125,921.0,1260.974358974359,24.361875473011104,25.204815189646826,1.0
918.0,1287.0,923.0,1311.025641025641,911.0,1262.96,24.5404039635245,25.038402504952234,1.0
912.0,1288.0,918.0,1312.0217391304348,906.0,1263.9444444444443,24.759724369440388,24.792534220737192,1.0
906.0,1289.0,912.0,1313.142857142857,901.0,1264.9166666666665,24.877249667525682,24.596888918000417,1.0
900.0,1291.0,907.0,1314.0833333333335,896.0,1265.857142857143,24.12136558691868,25.459050754223355,1.0
894.0,1292.0,897.0,1316.04,890.0,1266.9782608695652,24.22646486799092,25.33944413580396,1.0
888.0,1293.0,892.0,1317.03125,885.0,1267.974358974359,24.361875473011104,25.204815189646826,1.0
882.0,1294.0,887.0,1318.025641025641,875.0,1269.96,24.5404039635245,25.038402504952234,1.0
876.0,1295.0,882.0,1319.0212765957447,870.0,1270.9444444444443,24.759275621254965,24.792534220737192,1.0
870.0,1296.0,876.0,1320.125,865.0,1271.9166666666665,24.859920052164288,24.596888918000417,1.0
864.0,1298.0,871.0,1321.0625,859.0,1272.9782608695652,24.101429547850476,25.51641489534785,1.0
858.0,1299.0,861.0,1323.0232558139535,854.0,1273.96875,24.209849646427998,25.348835802902272,1.0
852.0,1300.0,855.0,1324.1,849.0,1274.9444444444443,24.286004199950135,25.234517316515802,1.0
846.0,1301.0,850.0,1325.0454545454545,843.0,1275.9811320754716,24.375887354053773,25.198090249560522,1.0
840.0,1302.0,845.0,1326.0285714285715,833.0,1277.9615384615386,24.5432729051763,25.036925393028785,1.0
834.0,1303.0,839.0,1327.1666666666665,828.0,1278.923076923077,24.67848815826793,24.813267113624352,1.0
828.0,1304.0,834.0,1328.0714285714284,823.0,1279.8,24.807935695445952,24.711131095115864,1.0
822.0,1306.0,829.0,1329.037037037037,817.0,1280.9705882352941,24.077065341229034,25.5239388278376,1.0
816.0,1307.0,818.0,1331.111111111111,812.0,1281.95,24.193918223643404,25.36735106391674,1.0
810.0,1308.0,813.0,1332.05,807.0,1282.888888888889,24.236387932198102,25.289679737682853,1.0
804.0,1309.0,808.0,1333.030303030303,801.0,1283.9761904761904,24.360941355542682,25.202996708405642,1.0
798.0,1310.0,802.0,1334.2,791.0,1285.9333333333334,24.528350943347213,25.064006951093067,1.0
792.0,1311.0,797.0,1335.076923076923,786.0,1286.8,24.59061253511331,24.93270943960969,1.0
786.0,1312.0,792.0,1336.0384615384614,780.0,1287.9722222222222,24.775948682867618,24.7655830728508,1.0
780.0,1313.0,787.0,1337.025641025641,775.0,1288.952380952381,25.024616414502123,24.561921379635795,1.0
774.0,1315.0,776.0,1339.0555555555557,770.0,1289.9,24.138553251726265,25.416726775885117,1.0
768.0,1316.0,771.0,1340.03125,764.0,1290.9767441860465,24.217782238729043,25.340941804332306,1.0
762.0,1317.0,766.0,1341.0222222222224,759.0,1291.9666666666667,24.35297026019277,25.212452831443755,1.0
756.0,1318.0,760.0,1342.0833333333335,754.0,1292.9375,24.413253458817238,25.14217385688835,1.0
750.0,1319.0,755.0,1343.0416666666665,743.0,1294.972972972973,24.556093665546722,25.02594709012009,1.0
744.0,1320.0,750.0,1344.027027027027,738.0,1295.9583333333335,24.764854688802238,24.779058418574017,1.0
738.0,1321.0,744.0,1345.142857142857,733.0,1296.9166666666665,24.877249667525682,24.596888918000417,1.0
732.0,1323.0,739.0,1346.0588235294117,727.0,1297.9777777777776,24.097911580893292,25.51688862181826,1.0
726.0,1324.0,729.0,1348.0232558139535,722.0,1298.967741935484,24.209849646427998,25.349831238265303,1.0
720.0,1325.0,723.0,1349.090909090909,717.0,1299.9411764705883,24.276982943241574,25.237762117077615,1.0
714.0,1326.0,718.0,1350.0454545454545,711.0,1300.9811320754716,24.375887354053773,25.198090249560522,1.0
708.0,1327.0,713.0,1351.0277777777778,701.0,1302.9615384615386,24.542495898711564,25.036925393028785,1.0
702.0,1328.0,707.0,1352.1666666666665,696.0,1303.923076923077,24.67848815826793,24.813267113624352,1.0
696.0,1329.0,702.0,1353.0666666666666,690.0,1304.9787234042553,24.803315190603886,24.759275621254965,1.0
690.0,1331.0,697.0,1354.0357142857142,685.0,1305.9705882352941,24.075799730290544,25.5239388278376,1.0
684.0,1332.0,687.0,1356.0188679245284,680.0,1306.952380952381,24.20549558211813,25.364999900545,1.0
678.0,1333.0,681.0,1357.0588235294117,675.0,1307.9,24.245143629588473,25.27864711569817,1.0
672.0,1334.0,676.0,1358.0344827586207,669.0,1308.9777777777776,24.36506436425801,25.201420692855358,1.0
666.0,1335.0,671.0,1359.0238095238096,659.0,1310.9473684210525,24.53861088236835,25.050530650518827,1.0
660.0,1336.0,665.0,1360.111111111111,654.0,1311.888888888889,24.624087374202205,24.84644197893019,1.0
654.0,1337.0,660.0,1361.0555555555557,648.0,1312.9767441860465,24.792534220737192,24.761195849608107,1.0
648.0,1338.0,655.0,1362.0333333333333,643.0,1313.967741935484,25.03200173999494,24.54688223949223,1.0
642.0,1340.0,644.0,1364.111111111111,638.0,1314.9444444444443,24.193918223643404,25.37283713339003,1.0
636.0,1341.0,639.0,1365.05,633.0,1315.875,24.236387932198102,25.30347061175601,1.0
630.0,1342.0,634.0,1366.03125,627.0,1316.9761904761904,24.361875473011104,25.202996708405642,1.0
624.0,1343.0,629.0,1367.0227272727273,617.0,1318.9411764705883,24.537551337079943,25.056476001612328,1.0
618.0,1344.0,623.0,1368.1,612.0,1319.888888888889,24.613207836444147,24.84644197893019,1.0
612.0,1345.0,618.0,1369.0625,607.0,1320.8,24.79927229275085,24.711131095115864,1.0
606.0,1346.0,613.0,1370.0434782608695,601.0,1321.9756097560976,25.041742089577244,24.539179419681368,1.0
600.0,1348.0,603.0,1372.025641025641,596.0,1322.969696969697,24.21221647625366,25.34790069786442,1.0
594.0,1349.0,598.0,1373.0212765957447,591.0,1323.96,24.352037477165446,25.219072147880425,1.0
588.0,1350.0,592.0,1374.125,581.0,1325.909090909091,24.454357996070968,25.087285640866813,1.0
582.0,1351.0,587.0,1375.0714285714284,576.0,1326.8333333333335,24.585232833336793,24.90035698093042,1.0
576.0,1352.0,582.0,1376.047619047619,570.0,1327.9767441860465,24.784833706511122,24.761195849608107,1.0
570.0,1353.0,577.0,1377.0344827586207,565.0,1328.9722222222222,25.033105310257366,24.542495898711564,1.0
564.0,1355.0,567.0,1379.0232558139535,560.0,1329.9642857142858,24.209849646427998,25.353244167086686,1.0
558.0,1356.0,562.0,1380.0222222222224,555.0,1330.9565217391305,24.35297026019277,25.222525714183412,1.0
552.0,1357.0,557.0,1381.0212765957447,545.0,1332.9473684210525,24.536131098632286,25.050530650518827,1.0
546.0,1358.0,551.0,1382.2,540.0,1333.9411764705883,24.711131095115864,24.795705063969738,1.0
540.0,1359.0,546.0,1383.1666666666665,535.0,1334.9333333333334,24.90035698093042,24.580570466212567,1.0
534.0,1360.0,541.0,1384.142857142857,530.0,1335.923076923077,25.137174682537548,24.406929853057548,1.0
528.0,1362.0,531.0,1386.1,525.0,1336.9166666666665,24.286004199950135,25.26209831172222,1.0
522.0,1363.0,526.0,1387.090909090909,515.0,1338.888888888889,24.420726869330533,25.1066859424406,1.0
516.0,1364.0,521.0,1388.076923076923,510.0,1339.857142857143,24.59061253511331,24.877249667525682,1.0
510.0,1365.0,516.0,1389.0714285714284,505.0,1340.8333333333335,24.807935695445952,24.67848815826793,1.0
504.0,1366.0,511.0,1390.0625,500.0,1341.8,25.060006110334452,24.528350943347213,1.0
498.0,1368.0,501.0,1392.047619047619,494.0,1342.9787234042553,24.234025292126148,25.338987400461757,1.0
492.0,1369.0,496.0,1393.0434782608695,489.0,1343.9777777777776,24.37393786159521,25.201420692855358,1.0
486.0,1370.0,491.0,1394.0384615384614,479.0,1345.975,24.552955690427368,25.02400097906017,1.0
480.0,1371.0,486.0,1395.0357142857142,474.0,1346.972972972973,24.77328321447294,24.764854688802238,1.0
474.0,1372.0,481.0,1396.032258064516,469.0,1347.9714285714285,25.030969371550498,24.5432729051763,1.0
468.0,1374.0,471.0,1398.0277777777778,464.0,1348.96875,24.214336764369037,25.348835802902272,1.0
462.0,1375.0,466.0,1399.025641025641,459.0,1349.9655172413793,24.35634263786271,25.213594091118328,1.0
456.0,1376.0,461.0,1400.0238095238096,449.0,1351.9583333333335,24.53861088236835,25.04000271787333,1.0
450.0,1377.0,456.0,1401.0227272727273,444.0,1352.952380952381,24.76068306044552,24.784833706511122,1.0
444.0,1378.0,450.0,1402.25,439.0,1353.9473684210525,24.98124296347161,24.56682897470862,1.0
438.0,1379.0,445.0,1403.2,434.0,1354.9411764705883,25.192062241904733,24.389075210416948,1.0
432.0,1381.0,435.0,1405.125,429.0,1355.9333333333334,24.310812923470905,25.2455496628173,1.0
426.0,1382.0,430.0,1406.111111111111,419.0,1357.9166666666665,24.44065627212871,25.080010854153386,1.0
420.0,1383.0,425.0,1407.142857142857,414.0,1358.9333333333334,24.655172905911787,24.803315190603886,1.0
414.0,1384.0,420.0,1408.1666666666665,409.0,1359.9411764705883,24.90035698093042,24.5728913565208,1.0
408.0,1385.0,411.0,1410.0222222222224,404.0,1360.95,25.201420692855358,24.380371203080518,1.0
402.0,1387.0,406.0,1411.0243902439024,399.0,1361.9545454545455,24.35510883965238,25.224487970787983,1.0
396.0,1388.0,401.0,1412.0277777777778,389.0,1363.96875,24.542495898711564,25.030001529414655,1.0
390.0,1389.0,396.0,1413.032258064516,384.0,1364.9736842105262,24.769929908651317,24.76416464198855,1.0
384.0,1390.0,391.0,1414.0384615384614,379.0,1365.969696969697,25.036925393028785,24.5449681957054,1.0
378.0,1391.0,380.0,1416.0212765957447,374.0,1366.875,25.10108130102685,24.454357996070968,1.0
372.0,1392.0,373.0,1417.025,367.0,1367.9375,25.04497205029394,24.5764909262897,1.0
366.0,1392.0,372.0,1417.0833333333335,366.0,1367.9803921568628,25.790959871844994,24.019607843137237,1.0
360.0,1393.0,361.0,1418.0666666666666,356.0,1368.888888888889,25.08660554514649,24.44065627212871,1.0
354.0,1393.0,354.0,1419.0053475935829,354.0,1368.96875,26.005347593582883,24.03125,1.0
348.0,1393.0,342.0,1418.111111111111,348.0,1368.96,25.817976319505885,24.039999999999964,1.0
342.0,1392.0,341.0,1418.0357142857142,346.0,1368.909090909091,26.054911597764892,23.434804941467387,1.0
336.0,1392.0,331.0,1417.037037037037,337.0,1367.972972972973,25.531416403990598,24.047827921820513,1.0
330.0,1391.0,324.0,1416.0285714285715,331.0,1366.9722222222222,25.737703622411694,24.048578023206986,1.0
324.0,1390.0,319.0,1415.025,331.0,1366.9722222222222,25.519612555836435,24.068206193705386,1.0
318.0,1389.0,311.0,1413.0625,326.0,1365.9411764705883,25.060006110334452,24.407157609204543,1.0
312.0,1387.0,304.0,1411.0625,319.0,1363.95,25.35752168982608,24.089468653334755,1.0
306.0,1385.0,298.0,1409.0555555555557,313.0,1361.857142857143,25.350931996406455,24.178334035551174,1.0
300.0,1383.0,290.0,1406.0217391304348,311.0,1360.9714285714285,25.099810210234473,24.62230613049223,1.0
294.0,1380.0,283.0,1403.012048192771,304.0,1357.909090909091,25.505967184688746,24.248881715716422,1.0
288.0,1377.0,276.0,1399.25,300.0,1355.8,25.279685520195855,24.36062396573622,1.0
282.0,1374.0,269.0,1395.25,295.0,1352.9285714285716,24.911091907020054,24.758939840809237,1.0
276.0,1370.0,260.0,1389.2,289.0,1348.875,24.99279896290133,24.80454847401984,1.0
270.0,1365.0,256.0,1386.25,285.0,1345.8,25.447249360196086,24.364728605096378,1.0
264.0,1360.0,246.0,1378.025,281.0,1341.987341772152,25.4735279260648,24.76804102938428,1.0
258.0,1354.0,240.0,1372.037037037037,276.0,1336.988888888889,25.482046720690292,24.766467274009074,1.0
252.0,1348.0,232.95454545454547,1364.0,271.0833333333333,1332.0,24.87427061931615,24.90328514696626,1.0
247.0,1342.0,226.91666666666666,1356.0,268.04545454545456,1328.0,24.4814272005898,25.276691971553436,1.0
243.0,1336.0,222.92857142857142,1350.0,264.0263157894737,1322.0,24.471662078779197,25.260759206300015,1.0
240.0,1330.0,219.92307692307693,1345.0,262.125,1319.0,25.061580960439947,24.708614388508312,1.0
237.0,1324.0,214.98076923076923,1336.0,259.04,1313.0,25.076812470261032,24.632531335613905,1.0
235.0,1318.0,211.92857142857142,1329.0,258.06666666666666,1311.0,25.5595543061011,24.105416634256933,1.0
232.0,1312.0,207.88888888888889,1318.0,255.02777777777777,1303.0,24.84644197893022,24.724047997500644,1.0
231.0,1306.0,206.95454545454547,1315.0,254.06666666666666,1300.0,25.674576613792876,23.834242406905048,1.0
230.0,1300.0,204.83333333333334,1307.0,253.03703703703704,1296.0,26.122042628996503,23.381725245281114,1.0
229.0,1294.0,202.9655172413793,1297.0,252.02564102564102,1291.0,26.206760435218207,23.22025289788384,1.0
228.0,1288.0,201.95652173913044,1288.0,251.06666666666666,1283.0,26.043478260869563,23.602353931570278,1.0
227.0,1282.0,201.83333333333334,1287.0,251.03333333333333,1282.0,25.658548499693246,24.03333333333333,1.0
227.0,1276.0,200.9943181818182,1276.0,251.02380952380952,1276.0,26.005681818181813,24.02380952380952,1.0
226.0,1270.0,201.88888888888889,1264.0,251.07142857142858,1273.0,24.84644197893022,25.25027783237732,1.0
226.0,1264.0,201.95238095238096,1263.0,252.005291005291,1264.0,24.068402145954973,26.005291005291014,1.0
226.0,1258.0,201.98684210526315,1258.0,252.0074074074074,1258.0,24.01315789473685,26.007407407407413,1.0
225.0,1252.0,201.9902912621359,1252.0,252.0077519379845,1252.0,23.009708737864088,27.007751937984494,1.0
224.0,1246.0,201.97297297297297,1247.0,251.04166666666666,1241.0,22.049714729433106,27.50003156563844,1.0
223.0,1240.0,201.83333333333334,1246.0,250.1,1234.0,22.000631304073465,27.756260555053156,1.0
222.0,1234.0,200.97826086956522,1242.0,248.01724137931035,1226.0,22.49252133639208,27.219420438159563,1.0
221.0,1228.0,199.92857142857142,1239.0,244.01282051282053,1216.0,23.769835970002333,25.953610692065432,1.0
218.0,1222.0,198.91666666666666,1237.0,239.2,1208.0,24.272898696099556,25.40551121312066,1.0
214.0,1216.0,195.5,1233.0,232.2,1199.0,25.124689052802225,24.9046180456557,1.0
208.0,1210.0,193.0,1230.5,221.0,1188.9444444444443,25.401771591761076,24.745432300792213,1.0
202.0,1206.0,189.0,1227.0625,217.0,1185.95,24.751341504047815,25.04001797123952,1.0
196.0,1202.0,182.0,1222.0833333333335,210.0,1180.972972972973,24.481427200589916,25.261351222674683,1.0
190.0,1197.0,176.0,1218.0294117647059,204.0,1176.857142857143,25.263336263636067,24.53028116181202,1.0
184.0,1192.0,166.0,1210.0344827586207,201.0,1173.9878048780488,25.48023878167132,24.7677042357834,1.0
179.0,1186.0,158.9,1202.0,198.02631578947367,1171.0,25.690659781329085,24.228097170862906,1.0
176.0,1180.0,152.94444444444446,1192.0,197.01818181818183,1169.0,25.99151095983664,23.722646710309313,1.0
174.0,1174.0,148.83333333333334,1181.0,196.02439024390245,1166.0,26.122042628996503,23.432323094727618,1.0
173.0,1168.0,146.85714285714286,1173.0,195.2,1162.0,26.616704897335367,22.996521476084148,1.0
171.0,1162.0,145.97435897435898,1168.0,195.0222222222222,1161.0,25.734853967804966,24.04302727390681,1.0
170.0,1156.0,144.88888888888889,1159.0,194.03846153846155,1154.0,25.28967973768288,24.121518052064946,1.0
170.0,1150.0,143.98701298701297,1150.0,194.0082644628099,1150.0,26.012987012987026,24.008264462809905,1.0
169.0,1144.0,143.9090909090909,1145.0,193.0909090909091,1139.0,25.110828720061484,24.604306550407927,1.0
169.0,1138.0,142.99519230769232,1138.0,193.05,1138.0,26.00480769230768,24.05000000000001,1.0
168.0,1132.0,142.99512195121952,1132.0,193.03571428571428,1132.0,25.004878048780483,25.035714285714278,1.0
168.0,1126.0,142.9950495049505,1126.0,193.03333333333333,1126.0,25.004950495049513,25.03333333333333,1.0
168.0,1120.0,142.995,1120.0,193.03125,1120.0,25.004999999999995,25.03125,1.0
168.0,1114.0,142.99492385786803,1114.0,193.02941176470588,1114.0,25.00507614213197,25.029411764705884,1.0
168.0,1108.0,142.99484536082474,1108.0,193.02777777777777,1108.0,25.00515463917526,25.02777777777777,1.0
168.0,1102.0,142.99479166666666,1102.0,193.02564102564102,1102.0,25.005208333333343,25.025641025641022,1.0
168.0,1096.0,142.99468085106383,1096.0,193.02380952380952,1096.0,25.005319148936167,25.02380952380952,1.0
168.0,1090.0,142.9943181818182,1090.0,193.0188679245283,1090.0,25.005681818181813,25.01886792452831,1.0
168.0,1084.0,142.9939024390244,1084.0,193.01538461538462,1084.0,25.006097560975604,25.01538461538462,1.0
168.0,1078.0,142.9934210526316,1078.0,193.01298701298703,1078.0,25.00657894736841,25.012987012987026,1.0
168.0,1072.0,142.99285714285713,1072.0,193.01149425287358,1072.0,25.007142857142867,25.011494252873575,1.0
168.0,1066.0,142.99115044247787,1066.0,193.00877192982455,1066.0,25.008849557522126,25.008771929824547,1.0
168.0,1060.0,142.98837209302326,1060.0,193.00709219858157,1060.0,25.01162790697674,25.007092198581574,1.0
167.0,1054.0,142.98305084745763,1054.0,193.00595238095238,1054.0,24.016949152542367,26.00595238095238,1.0
167.0,1048.0,142.96875,1048.0,193.00515463917526,1048.0,24.03125,26.00515463917526,1.0
167.0,1042.0,142.9,1043.0,193.00452488687782,1042.0,24.120737965493504,26.004524886877817,1.0
167.0,1036.0,142.83333333333334,1042.0,192.2,1033.0,24.90035698093056,25.37794317906791,1.0
167.0,1030.0,141.99519230769232,1030.0,192.05263157894737,1030.0,25.00480769230768,25.05263157894737,1.0
167.0,1024.0,141.99447513812154,1024.0,192.0222222222222,1024.0,25.005524861878456,25.02222222222221,1.0
167.0,1018.0,141.9935064935065,1018.0,192.01388888888889,1018.0,25.006493506493513,25.013888888888886,1.0
167.0,1012.0,141.9921875,1012.0,192.010101010101,1012.0,25.0078125,25.01010101010101,1.0
167.0,1006.0,141.990099009901,1006.0,192.0079365079365,1006.0,25.009900990099,25.007936507936506,1.0
166.0,1000.0,141.98648648648648,1000.0,192.0065789473684,1000.0,24.013513513513516,26.00657894736841,1.0
166.0,994.0,141.9787234042553,994.0,192.00558659217876,994.0,24.021276595744695,26.00558659217876,1.0
166.0,988.0,141.95454545454547,988.0,192.00485436893203,988.0,24.045454545454533,26.00485436893203,1.0
166.0,982.0,141.8,984.0,192.00434782608696,982.0,24.28250398949827,26.004347826086956,1.0
166.0,976.0,140.99563318777294,976.0,191.16666666666666,974.0,25.00436681222706,25.246011786242804,1.0
166.0,970.0,140.99512195121952,970.0,191.04347826086956,970.0,25.004878048780483,25.043478260869563,1.0
166.0,964.0,140.99444444444444,964.0,191.0212765957447,964.0,25.00555555555556,25.021276595744695,1.0
166.0,958.0,140.99358974358975,958.0,191.01408450704224,958.0,25.00641025641025,25.01408450704224,1.0
166.0,952.0,140.99290780141843,952.0,191.01149425287358,952.0,25.007092198581574,25.011494252873575,1.0
166.0,946.0,140.9921875,946.0,191.009900990099,946.0,25.0078125,25.009900990099,1.0
166.0,940.0,140.99122807017545,940.0,191.0086956521739,940.0,25.008771929824547,25.008695652173913,1.0
166.0,934.0,140.990099009901,934.0,191.0078125,934.0,25.009900990099,25.0078125,1.0
166.0,928.0,140.989898989899,928.0,191.00763358778627,928.0,25.01010101010101,25.007633587786273,1.0
166.0,922.0,140.990099009901,922.0,191.0078125,922.0,25.009900990099,25.0078125,1.0
167.0,916.0,140.9902912621359,916.0,191.00840336134453,916.0,26.009708737864088,24.008403361344534,1.0
168.0,910.0,141.9655172413793,904.0,191.02325581395348,910.0,26.71692894980481,23.023255813953483,1.0
168.0,904.0,141.9655172413793,904.0,191.07692307692307,909.0,26.034482758620697,23.61237765872434,1.0
169.0,898.0,143.97368421052633,891.0,192.02702702702703,903.0,25.986852098598998,23.56361546332467,1.0
170.0,892.0,144.96,887.0,193.0222222222222,899.0,25.53432200000618,24.062890849799867,1.0
172.0,886.0,147.85714285714286,878.0,195.14285714285714,893.0,25.433787586995532,24.178334035551202,1.0
174.0,880.0,151.98461538461538,868.0,196.07692307692307,891.0,25.073435340282227,24.665573833673083,1.0
177.0,874.0,155.95238095238096,861.0,197.05263157894737,889.0,24.738679584280476,25.042125174213897,1.0
181.0,868.0,161.9375,852.0,200.06666666666666,884.0,24.887324208319384,24.89051581984145,1.0
186.0,862.0,165.66666666666666,847.0,204.03030303030303,879.0,25.26745821099631,24.78087624287234,1.0
192.0,856.0,174.0,837.9791666666667,209.0,874.0140845070423,25.470579774080036,24.76907831605491,1.0
198.0,851.0,184.0,829.875,212.0,871.0526315789473,25.342960067837378,24.45624732539712,1.0
204.0,846.0,193.0,823.9000000000001,219.0,866.125,24.686230980042215,25.10011205154272,1.0
210.0,843.0,198.0,820.9655172413793,221.0,865.037037037037,25.090205866830843,24.62988025492082,1.0
216.0,841.0,207.0,816.8888888888889,225.0,863.0666666666666,25.73607738200102,23.831445146649735,1.0
222.0,839.0,215.0,813.9743589743589,231.0,861.015625,25.98620227628984,23.78419105499754,1.0
228.0,838.0,222.0,811.98,234.0,860.04,26.702816330866657,22.84210147950487,1.0
234.0,837.0,227.0,810.9375,238.0,859.1666666666667,26.9861799121328,22.524677824801724,1.0
240.0,836.0,233.0,809.9722222222222,240.0,859.0138888888889,26.952647663066152,23.013888888888914,1.0
246.0,836.0,245.0,808.9333333333334,246.0,859.0044843049327,27.085133273521862,23.004484304932703,1.0
252.0,836.0,253.0,808.9000000000001,252.0,859.004347826087,27.118443908159538,23.00434782608704,1.0
258.0,836.0,258.0,808.984126984127,258.0,859.0104166666667,27.015873015873012,23.010416666666742,1.0
264.0,837.0,266.0,809.9767441860465,260.0,859.0416666666667,27.097165069179667,22.40167559457211,1.0
270.0,838.0,276.0,811.9285714285713,265.0,860.0666666666666,26.75293232068416,22.626042026341572,1.0
276.0,839.0,284.0,813.9824561403509,268.0,861.015625,26.265519236624012,23.42408470230214,1.0
282.0,841.0,292.0,816.9166666666667,274.0,863.0357142857142,26.076942774114467,23.44296704945067,1.0
288.0,843.0,299.0,819.9230769230769,278.0,865.013698630137,25.56451405167377,24.178563385331564,1.0
294.0,846.0,305.0,822.9714285714285,282.0,867.0454545454545,25.52087580865551,24.2262493387811,1.0
300.0,849.0,313.0,827.9473684210527,285.0,869.0454545454545,24.74294437610222,25.03637849078582,1.0
306.0,854.0,322.0,834.8,289.0,872.0769230769231,24.99279896290133,24.814817104484064,1.0
312.0,859.0,330.0131578947368,842.0,293.97727272727275,877.0,24.76840441652872,25.47191980097116,1.0
317.0,865.0,338.0625,852.0,296.9,880.0,24.751341504047815,25.080071770232255,1.0
321.0,871.0,342.1666666666667,858.0,299.9166666666667,884.0,24.840043836067974,24.76907233717976,1.0
324.0,877.0,347.0144927536232,866.0,302.90909090909093,889.0,25.508172743389014,24.265746357385975,1.0
327.0,883.0,350.125,873.0,304.6666666666667,893.0,25.194555463432966,24.469936202977255,1.0
329.0,889.0,353.0769230769231,881.0,305.9230769230769,896.0,25.371208580831773,24.115231259480503,1.0
330.0,895.0,355.2,888.0,306.94444444444446,899.0,26.154158369177154,23.399970982360387,1.0
331.0,901.0,357.0769230769231,897.0,307.9166666666667,903.0,26.381924060988503,23.16981393489764,1.0
331.0,907.0,358.04545454545456,904.0,308.969696969697,910.0,27.211332410785197,22.233628844769754,1.0
332.0,913.0,359.0064935064935,913.0,308.9846153846154,913.0,27.006493506493484,23.01538461538462,1.0
332.0,919.0,358.125,925.0,308.97222222222223,919.0,26.805141764221283,23.02777777777777,1.0
331.0,925.0,358.037037037037,926.0,308.75,921.0,27.055523867449157,22.6066914872566,1.0
330.0,931.0,356.0416666666667,938.0,307.97727272727275,926.0,26.966060201256298,22.583191017412148,1.0
329.0,937.0,354.125,945.0,306.9583333333333,930.0,26.36789003693697,23.126501452758593,1.0
327.0,943.0,352.05263157894734,951.0,304.8333333333333,936.0,26.298941975495318,23.24566865269984,1.0
326.0,949.0,348.01960784313724,961.0,303.9655172413793,938.0,25.07714356870716,24.62759489759308,1.0
323.0,955.0,345.030303030303,967.0,300.969696969697,944.0,25.086535265097442,24.62385533597405,1.0
320.0,961.0,341.05882352941177,974.0,298.6666666666667,948.0,24.748213035346748,24.982215896735628,1.0
316.0,967.0,336.06666666666666,982.0,294.969696969697,954.0,25.05336526519164,24.723948825913137,1.0
312.0,973.0,332.05,988.0,290.96153846153845,960.0,25.040017971239568,24.730888862014762,1.0
308.0,979.0,328.05555555555554,994.0,286.96666666666664,966.0,25.044466627220768,24.726526466754528,1.0
305.0,985.0,327.0138888888889,996.0,282.85714285714283,973.0,24.60917113623185,25.185434728211078,1.0
303.0,991.0,325.3333333333333,999.0,277.93333333333334,984.0,23.72293779821076,26.025713780370705,1.0
302.0,997.0,324.05,1002.0,275.95238095238096,990.0,22.60978770355884,26.971808579512906,1.0
301.0,1003.0,323.0416666666667,1007.0,273.96875,1001.0,22.401675594572055,27.105137456993276,1.0
300.0,1009.0,323.01408450704224,1009.0,272.99333333333334,1009.0,23.01408450704224,27.00666666666666,1.0
299.0,1015.0,323.01020408163265,1015.0,272.9924812030075,1015.0,24.01020408163265,26.007518796992485,1.0
299.0,1021.0,323.037037037037,1021.0,273.9166666666667,1026.0,24.03703703703701,25.5768178456803,1.0
300.0,1027.0,323.2,1022.0,273.97058823529414,1027.0,23.732677893571122,26.029411764705856,1.0
300.0,1033.0,324.07142857142856,1031.0,274.93333333333334,1036.0,24.154371725826092,25.245549662817357,1.0
301.0,1039.0,325.0769230769231,1038.0,275.9736842105263,1044.0,24.09768090194722,25.520902844422658,1.0
302.0,1045.0,326.06666666666666,1044.0,276.96,1050.0,24.087433330358056,25.53432200000621,1.0
302.0,1051.0,326.06666666666666,1044.0,277.9756097560976,1056.0,25.06400695109312,24.539179419681368,1.0
303.0,1057.0,328.04761904761904,1055.0,278.93333333333334,1061.0,25.12734008912698,24.396812177914644,1.0
304.0,1063.0,329.0208333333333,1060.0,279.9714285714286,1067.0,25.200041680410838,24.35923325759574,1.0
305.0,1069.0,330.030303030303,1066.0,280.9,1072.0,25.20944405949476,24.28600419995025,1.0
306.0,1075.0,331.05555555555554,1072.0,281.95238095238096,1078.0,25.234517316515692,24.234025292126148,1.0
307.0,1081.0,332.05,1078.0,282.95652173913044,1084.0,25.229001169289294,24.229916361409654,1.0
308.0,1087.0,333.0285714285714,1084.0,283.96,1090.0,25.20772476355415,24.226464867990977,1.0
309.0,1093.0,334.1,1091.0,284.97058823529414,1097.0,25.179555198613045,24.36006218706726,1.0
310.0,1099.0,335.05555555555554,1098.0,285.97222222222223,1104.0,25.075503269077778,24.542495898711508,1.0
311.0,1105.0,336.0181818181818,1105.0,286.875,1111.0,25.0181818181818,24.859920052164288,1.0
311.0,1111.0,336.0416666666667,1106.0,286.9736842105263,1112.0,25.535956403558597,24.047117299491703,1.0
313.0,1117.0,337.1111111111111,1115.0,287.95652173913044,1120.0,24.193918223643404,25.22252571418347,1.0
314.0,1123.0,338.02777777777777,1122.0,288.9583333333333,1128.0,24.04857802320693,25.535956403558597,1.0
315.0,1129.0,338.2,1123.0,289.9714285714286,1135.0,23.963305281200242,25.737703622411637,1.0
316.0,1135.0,339.09090909090907,1129.0,290.9761904761905,1141.0,23.857704890551123,25.733072942886164,1.0
317.0,1141.0,340.125,1134.0,291.95238095238096,1145.0,24.16124220730383,25.364999900545,1.0
319.0,1147.0,342.09090909090907,1141.0,294.96666666666664,1156.0,23.857704890551123,25.663224877460596,1.0
321.0,1153.0,343.0138888888889,1143.0,297.94117647058823,1164.0,24.178736609102362,25.548176893088748,1.0
323.0,1159.0,345.1666666666667,1148.0,302.9166666666667,1174.0,24.7459312031516,25.066716533638328,1.0
326.0,1165.0,347.030303030303,1151.0,305.9,1179.0,25.264078165378837,24.49510155112652,1.0
331.0,1171.0,349.04545454545456,1154.0,310.875,1186.0,24.791902503681857,25.10011205154272,1.0
336.0,1177.0,354.03225806451616,1160.0,315.8333333333333,1192.0,24.782298741345766,25.133532271538062,1.0
342.0,1183.0,359.0,1164.969696969697,328.0,1204.142857142857,24.780876242872317,25.357847072716247,1.0
348.0,1188.0,362.0,1167.6666666666665,334.0,1209.1666666666665,24.686928615047492,25.377702373890575,1.0
354.0,1193.0,370.0,1173.9583333333335,338.0,1212.125,24.871370477809194,24.935228593297474,1.0
360.0,1197.0,373.0,1175.9705882352941,345.0,1217.0588235294117,24.723190715794534,25.047083690203955,1.0
366.0,1201.0,379.0,1179.9444444444443,353.0,1222.3333333333335,24.745432300792213,24.982215896735774,1.0
372.0,1205.0,384.0,1182.9655172413793,361.0,1227.0588235294117,25.090205866830843,24.64937515438734,1.0
378.0,1208.0,389.0,1185.9583333333335,366.0,1230.05,24.634022599738714,25.103834368478413,1.0
384.0,1212.0,399.0,1191.9545454545455,371.0,1233.0434782608695,25.03637849078582,24.735156706915916,1.0
390.0,1216.0,402.0,1193.8333333333335,376.0,1236.076923076923,25.206370446994235,24.476168822687246,1.0
396.0,1220.0,410.0,1198.96,382.0,1240.0434782608695,25.27215068014589,24.448742724196443,1.0
402.0,1224.0,416.0,1202.96,388.0,1244.0454545454545,25.27215068014589,24.4503629407394,1.0
408.0,1228.0,422.0,1206.96,394.0,1248.0454545454545,25.27215068014589,24.4503629407394,1.0
414.0,1232.0,428.0,1210.9615384615386,400.0,1252.047619047619,25.27086986839434,24.452137523710633,1.0
420.0,1236.0,434.0,1214.9565217391305,406.0,1256.0416666666665,25.27504653439213,24.447257571714903,1.0
426.0,1240.0,440.0,1218.888888888889,414.0,1261.111111111111,25.331383940591916,24.283307277751067,1.0
432.0,1243.0,445.0,1221.95,417.0,1263.0384615384614,24.740705325434806,25.03077986856179,1.0
438.0,1246.0,450.0,1224.857142857143,424.0,1267.090909090909,24.310911298494425,25.31455009043195,1.0
444.0,1250.0,456.0,1227.972972972973,433.0,1272.030303030303,25.08365841836836,24.62385533597405,1.0
450.0,1252.0,460.0,1229.9655172413793,439.0,1275.0166666666667,24.197488101866128,25.510134151831576,1.0
456.0,1255.0,464.0,1231.75,449.0,1279.0666666666666,24.587852691928997,25.064006951093067,1.0
462.0,1257.0,470.0,1233.984126984127,454.0,1281.0222222222224,24.366583894399138,25.31930410761389,1.0
468.0,1259.0,476.0,1235.9666666666667,461.0,1283.125,24.383077009361287,25.12002438294995,1.0
474.0,1260.0,480.0,1236.923076923077,469.0,1285.0714285714284,23.844168651857537,25.565142882687717,1.0
480.0,1260.0,486.0,1237.9444444444443,474.0,1286.0833333333335,22.85711116620388,26.764533954055423,1.0
486.0,1261.0,487.0,1237.9807692307693,481.0,1287.090909090909,23.040941500014668,26.56568345046064,1.0
492.0,1262.0,492.0,1237.9928571428572,492.0,1288.0125,24.007142857142753,26.012500000000045,1.0
498.0,1262.0,498.0,1237.9911504424779,498.0,1288.0103092783506,24.008849557522126,26.010309278350633,1.0
504.0,1261.0,502.0,1237.9545454545455,507.0,1287.0588235294117,23.132076759482917,26.230941342945002,1.0
510.0,1261.0,509.0,1236.9285714285716,515.0,1286.037037037037,24.092191130517403,25.531416403990598,1.0
516.0,1260.0,509.0,1236.9285714285716,520.0,1285.0833333333335,24.109973378801655,25.400267933845083,1.0
522.0,1260.0,519.0,1234.9787234042553,526.0,1284.0238095238096,25.20048179064757,24.35453600535815,1.0
528.0,1259.0,525.0,1233.9333333333334,531.0,1283.04,25.2455496628173,24.22646486799092,1.0
534.0,1258.0,530.0,1232.967741935484,536.0,1282.090909090909,25.349831238265303,24.17378540540232,1.0
540.0,1257.0,536.0,1231.8,547.0,1280.0434782608695,25.51548549410734,24.08322840399861,1.0
546.0,1255.0,541.0,1230.9375,552.0,1279.111111111111,24.5764909262897,24.84644197893019,1.0
552.0,1254.0,546.0,1229.96875,558.0,1278.0263157894738,24.768951866449658,24.76416464198855,1.0
558.0,1253.0,552.0,1228.8,563.0,1277.047619047619,24.93270943960969,24.561921379635795,1.0
564.0,1252.0,557.0,1227.9411764705883,568.0,1276.125,25.056476001612328,24.454357996070968,1.0
570.0,1251.0,567.0,1225.9795918367347,574.0,1275.0277777777778,25.199619533961084,24.358450380479336,1.0
576.0,1250.0,573.0,1224.9411764705883,579.0,1274.0526315789475,25.237762117077615,24.238999275394665,1.0
582.0,1249.0,578.0,1223.9705882352941,585.0,1273.0196078431372,25.34702059981007,24.206229796027714,1.0
588.0,1248.0,584.0,1222.8333333333335,595.0,1271.0588235294117,25.482564845617553,24.097911580893292,1.0
594.0,1246.0,589.0,1221.9444444444443,600.0,1270.1666666666665,24.569691758066984,24.90035698093042,1.0
600.0,1245.0,594.0,1220.9714285714285,606.0,1269.03125,24.766353080297492,24.768951866449658,1.0
606.0,1244.0,600.0,1219.8333333333335,611.0,1268.0625,24.90035698093042,24.5764909262897,1.0
612.0,1243.0,605.0,1218.9473684210525,616.0,1267.2,25.050530650518827,24.528350943347213,1.0
618.0,1242.0,615.0,1216.9807692307693,622.0,1266.0333333333333,25.198450513553826,24.363930534934415,1.0
624.0,1241.0,621.0,1215.9473684210525,627.0,1265.0714285714284,25.231614078977945,24.257651853989938,1.0
630.0,1240.0,626.0,1214.9722222222222,633.0,1264.0222222222224,25.345407088737588,24.208824021290944,1.0
636.0,1239.0,632.0,1213.875,638.0,1263.0357142857142,25.441415546309525,24.11878025988227,1.0
642.0,1237.0,637.0,1212.95,649.0,1261.0232558139535,24.564252482011288,25.02232642866466,1.0
648.0,1236.0,642.0,1211.972972972973,654.0,1260.0384615384614,24.764854688802238,24.775948682867618,1.0
654.0,1235.0,648.0,1210.875,659.0,1259.090909090909,24.859920052164288,24.60430655040784,1.0
660.0,1234.0,653.0,1209.952380952381,665.0,1258.0243902439024,25.045717834779857,24.539179419681368,1.0
666.0,1233.0,663.0,1207.9814814814815,670.0,1257.0416666666665,25.197743328747755,24.37215083063257,1.0
672.0,1232.0,669.0,1206.9545454545455,675.0,1256.1,25.224487970787983,24.286004199950135,1.0
678.0,1231.0,674.0,1205.974358974359,681.0,1255.025641025641,25.343297116678627,24.21221647625366,1.0
684.0,1230.0,680.0,1204.909090909091,686.0,1254.047619047619,25.40774919209217,24.130644041537927,1.0
690.0,1229.0,685.0,1203.9642857142858,697.0,1252.032258064516,25.53011926716981,24.07249284038666,1.0
696.0,1227.0,690.0,1202.9782608695652,702.0,1251.0714285714284,24.759724369440388,24.807935695445952,1.0
702.0,1226.0,696.0,1201.9444444444443,708.0,1250.0243902439024,24.792534220737192,24.762296472486423,1.0
708.0,1225.0,701.0,1200.9722222222222,713.0,1249.0454545454545,25.02666787525407,24.559802203957563,1.0
714.0,1224.0,707.0,1199.9,718.0,1248.142857142857,25.096015620014178,24.471974808347746,1.0
720.0,1223.0,717.0,1197.9777777777776,724.0,1247.03125,25.201420692855358,24.361875473011104,1.0
726.0,1222.0,723.0,1196.9411764705883,729.0,1246.0714285714284,25.237762117077615,24.257651853989938,1.0
732.0,1221.0,728.0,1195.9714285714285,735.0,1245.0238095238096,25.346190793788008,24.210399088744623,1.0
738.0,1220.0,734.0,1194.888888888889,740.0,1244.0434782608695,25.4276994876565,24.126517504209026,1.0
744.0,1219.0,739.0,1193.96,751.0,1242.030303030303,25.534322000006153,24.070622294979906,1.0
750.0,1217.0,744.0,1192.9772727272727,756.0,1241.0666666666666,24.76068306044552,24.803315190603886,1.0
756.0,1216.0,750.0,1191.9333333333334,762.0,1240.0232558139535,24.803315190603886,24.761195849608107,1.0
762.0,1215.0,755.0,1190.9705882352941,767.0,1239.0416666666665,25.028236648988763,24.556093665546722,1.0
768.0,1214.0,761.0,1189.888888888889,772.0,1238.125,25.1066859424406,24.454357996070968,1.0
774.0,1213.0,771.0,1187.9782608695652,778.0,1237.03125,25.20094103622977,24.361875473011104,1.0
780.0,1212.0,777.0,1186.9444444444443,783.0,1236.076923076923,25.234517316515802,24.263104188295276,1.0
786.0,1211.0,782.0,1185.9736842105262,789.0,1235.025641025641,25.34396342315983,24.21221647625366,1.0
792.0,1210.0,788.0,1184.9166666666665,794.0,1234.05,25.400267933845083,24.133016802712373,1.0
798.0,1209.0,793.0,1183.967741935484,805.0,1232.037037037037,25.526729986595058,24.077065341229034,1.0
804.0,1207.0,799.0,1182.857142857143,810.0,1231.1,24.655172905911787,24.8356598462774,1.0
810.0,1206.0,804.0,1181.9565217391305,816.0,1230.0285714285715,24.780816106030578,24.766353080297492,1.0
816.0,1205.0,809.0,1180.9767441860465,821.0,1229.0625,25.02232642866466,24.5764909262897,1.0
822.0,1204.0,815.0,1179.9375,827.0,1228.0232558139535,25.060006110334452,24.53806878918245,1.0
828.0,1203.0,826.0,1177.9,832.0,1227.0434782608695,25.17955519861293,24.37393786159521,1.0
834.0,1202.0,831.0,1176.9642857142858,837.0,1226.142857142857,25.21481687016416,24.32853368003108,1.0
840.0,1201.0,836.0,1175.9787234042553,843.0,1225.032258064516,25.338987400461757,24.2187825391678,1.0
846.0,1200.0,842.0,1174.9285714285716,848.0,1224.0714285714284,25.388511784116815,24.15437172582598,1.0
852.0,1198.0,847.0,1173.9615384615386,859.0,1222.0277777777778,24.552955690427368,25.02666787525407,1.0
858.0,1197.0,852.0,1172.974358974359,864.0,1221.0434782608695,24.7635099832994,24.780816106030578,1.0
864.0,1196.0,858.0,1171.857142857143,869.0,1220.0833333333335,24.877249667525682,24.596888918000417,1.0
870.0,1195.0,863.0,1170.9375,875.0,1219.0217391304348,25.060006110334452,24.536583927895506,1.0
876.0,1194.0,873.0,1168.9756097560976,880.0,1218.0294117647059,25.203573299814423,24.36006218706726,1.0
882.0,1193.0,879.0,1167.875,885.0,1217.047619047619,25.30347061175601,24.234025292126148,1.0
888.0,1192.0,884.0,1166.9411764705883,890.0,1216.1,25.376064247203466,24.182845159327215,1.0
894.0,1190.0,889.0,1165.9666666666667,901.0,1214.032258064516,24.54793496632883,25.030969371550498,1.0
900.0,1189.0,894.0,1164.9767441860465,906.0,1213.0526315789475,24.761195849608107,24.7896971718612,1.0
906.0,1188.0,900.0,1163.888888888889,911.0,1212.111111111111,24.84644197893019,24.624087374202205,1.0
912.0,1187.0,905.0,1162.9473684210525,917.0,1211.0238095238096,25.050530650518827,24.53861088236835,1.0
918.0,1186.0,915.0,1160.9777777777776,922.0,1210.0344827586207,25.201420692855358,24.36506436425801,1.0
924.0,1185.0,921.0,1159.909090909091,927.0,1209.0588235294117,25.269620476142105,24.245143629588473,1.0
930.0,1184.0,926.0,1158.952380952381,933.0,1208.0192307692307,25.364999900545,24.205855629280276,1.0
936.0,1183.0,931.0,1157.9714285714285,943.0,1206.037037037037,25.523114773771322,24.077065341229034,1.0
942.0,1181.0,936.0,1156.9787234042553,948.0,1205.0666666666666,24.759275621254965,24.803315190603886,1.0
948.0,1180.0,942.0,1155.9166666666665,953.0,1204.1666666666665,24.819487191407717,24.67848815826793,1.0
954.0,1179.0,947.0,1154.9583333333335,959.0,1203.027027027027,25.04000271787333,24.54176089357669,1.0
960.0,1178.0,957.0,1152.9814814814815,964.0,1202.0454545454545,25.197743328747755,24.375887354053773,1.0
966.0,1177.0,963.0,1151.9545454545455,969.0,1201.111111111111,25.224487970787983,24.29703025088343,1.0
972.0,1176.0,968.0,1150.974358974359,975.0,1200.0263157894738,25.343297116678627,24.212886040608954,1.0
978.0,1175.0,974.0,1149.888888888889,980.0,1199.0454545454545,25.4276994876565,24.128486987325143,1.0
984.0,1174.0,979.0,1148.9545454545455,991.0,1197.027027027027,25.539670972595314,24.067487897648064,1.0
990.0,1172.0,984.0,1147.9761904761904,996.0,1196.076923076923,24.76173305801285,24.813267113624352,1.0
996.0,1172.0,990.0,1146.96,1002.0,1195.0333333333333,25.748817448574183,23.801984044285952,1.0
1002.0,1170.0,996.0,1145.888888888889,1007.0,1194.1666666666665,24.84644197893019,24.67848815826793,1.0
1008.0,1169.0,1002.0,1144.8,1014.0,1193.027027027027,24.93270943960969,24.764854688802238,1.0
1014.0,1168.0,1008.0,1143.9166666666665,1020.0,1192.037037037037,24.819487191407717,24.774566585913995,1.0
1020.0,1166.0,1014.0,1142.952380952381,1026.0,1191.027027027027,23.8158086943142,25.73620177515603,1.0
1026.0,1165.0,1019.0,1141.9714285714285,1031.0,1190.03125,24.068965537405592,25.525741449809054,1.0
1032.0,1163.0,1027.0,1139.967741935484,1039.0,1188.0243902439024,23.568727406257363,25.98499773098159,1.0
1038.0,1162.0,1030.0,1138.909090909091,1048.0,1185.0357142857142,24.43747291854508,25.112628947465023,1.0
1044.0,1159.0,1034.0,1136.984375,1055.0,1182.1,24.18031728784023,25.585347369148533,1.0
1050.0,1156.0,1038.0,1134.974358974359,1061.0,1179.0454545454545,24.20903923205385,25.53611119976199,1.0
1056.0,1153.0,1041.0,1132.9777777777776,1069.0,1174.111111111111,25.017781330806585,24.792720954862496,1.0
1062.0,1148.0,1045.0,1129.962962962963,1077.0,1168.111111111111,24.785776265339013,25.088977462691773,1.0
1068.0,1142.0,1049.9722222222222,1125.0,1089.1,1156.0,24.77903895644341,25.322124713380514,1.0
1073.0,1136.0,1052.9803921568628,1121.0,1092.0625,1152.0,25.01568904093993,24.887324208319384,1.0
1076.0,1130.0,1054.9285714285713,1118.0,1099.0192307692307,1141.0,24.248816508044687,25.512447652216714,1.0
1078.0,1124.0,1055.962962962963,1116.0,1102.125,1134.0,23.44421040196787,26.115428868774107,1.0
1080.0,1118.0,1057.967741935484,1111.0,1105.25,1126.0,23.11753437158545,26.487025125521363,1.0
1081.0,1112.0,1058.984126984127,1107.0,1107.111111111111,1119.0,22.57650691872074,27.033130108383467,1.0
1082.0,1106.0,1059.909090909091,1103.0,1109.0294117647059,1109.0,22.293682164748073,27.19538748291738,1.0
1083.0,1100.0,1059.992125984252,1100.0,1110.012987012987,1100.0,23.00787401574803,27.01298701298697,1.0
1083.0,1094.0,1059.9948979591836,1094.0,1110.047619047619,1094.0,23.005102040816382,27.047619047619037,1.0
1083.0,1088.0,1059.9894736842105,1088.0,1110.0117647058823,1088.0,23.010526315789548,27.011764705882342,1.0
1082.0,1082.0,1059.952380952381,1086.0,1109.0294117647059,1080.0,22.407532342248974,27.103304232990105,1.0
1081.0,1076.0,1058.9411764705883,1081.0,1107.2,1070.0,22.618392858506276,26.878243990261016,1.0
1080.0,1070.0,1057.9850746268658,1078.0,1105.032258064516,1062.0,23.423427144307258,26.279534695434226,1.0
1078.0,1064.0,1055.909090909091,1072.0,1102.076923076923,1054.0,23.49485612773158,26.07102270437567,1.0
1076.0,1058.0,1053.96,1068.0,1099.0185185185185,1047.0,24.202512266291663,25.511805008414793,1.0
1073.0,1052.0,1052.75,1066.0,1095.0625,1040.0,24.618336661927426,25.114814477714145,1.0
1069.0,1046.0,1047.9473684210527,1059.0,1089.0833333333333,1031.0,24.74294437610222,25.06671653363828,1.0
1065.0,1040.0,1046.967741935484,1058.0,1086.076923076923,1027.0,25.478664229219433,24.76361618161882,1.0
1059.0,1034.0,1041.0,1052.0344827586207,1073.0,1013.6666666666666,25.48023878167132,24.686928615047396,1.0
1053.0,1030.0,1039.0,1050.2,1068.0,1009.8333333333334,24.57722522987495,25.133532271538016,1.0
1047.0,1026.0,1033.0,1046.0625,1061.0,1004.9473684210526,24.464339481171365,25.282667905086544,1.0
1041.0,1023.0,1031.0,1045.030303030303,1052.0,999.95,24.19368205972331,25.5402133898681,1.0
1035.0,1021.0,1027.0,1043.142857142857,1045.0,996.96875,23.543706642093937,26.028848928880816,1.0
1029.0,1020.0,1024.0,1042.1666666666665,1035.0,993.9411764705883,22.72358050816606,26.740648528729093,1.0
1023.0,1019.0,1018.0,1041.0454545454545,1024.0,991.974358974359,22.605354810657158,27.044135646139804,1.0
1017.0,1018.0,1017.0,1041.0204081632653,1023.0,991.9090909090909,23.0204081632653,26.771916950231343,1.0
1011.0,1018.0,1011.0,1041.01,1011.0,990.992125984252,23.00999999999999,27.00787401574803,1.0
1005.0,1018.0,1005.0,1041.0344827586207,999.0,991.9333333333333,23.034482758620697,26.74829174192464,1.0
999.0,1018.0,1004.0,1041.0714285714284,998.0,991.9761904761905,23.607007780032703,26.043015611321184,1.0
993.0,1018.0,995.0,1042.03125,989.0,992.9666666666667,24.114331352175203,25.350893037086017,1.0
987.0,1019.0,987.0,1043.0344827586207,981.0,993.96875,24.034482758620697,25.740308400687432,1.0
981.0,1019.0,987.0,1043.0344827586207,981.0,993.96875,24.772088355131377,25.03125,1.0
975.0,1020.0,979.0,1044.037037037037,973.0,994.9714285714285,24.367583990208924,25.10835294787581,1.0
969.0,1021.0,971.0,1045.04,965.0,995.972972972973,24.12305121662677,25.34466574669192,1.0
963.0,1021.0,964.0,1046.0181818181818,958.0,996.8571428571429,25.038159307097686,24.655172905911787,1.0
957.0,1022.0,963.0,1046.0454545454545,957.0,996.974358974359,24.78273359211043,25.025641025640994,1.0
951.0,1023.0,955.0,1047.05,949.0,997.9756097560976,24.380371203080518,25.104185051084976,1.0
945.0,1024.0,947.0,1048.0555555555557,942.0,998.9090909090909,24.138553251726265,25.26962047614222,1.0
939.0,1025.0,940.0,1049.0208333333335,934.0,999.9230769230769,24.041639586928863,25.570531300814185,1.0
933.0,1025.0,939.0,1049.0666666666666,933.0,999.9782608695652,24.803315190603886,25.021739130434753,1.0
927.0,1026.0,931.0,1050.1,926.0,1000.9444444444445,24.429695045169836,25.075503269077778,1.0
921.0,1027.0,924.0,1051.027027027027,918.0,1001.9565217391304,24.213591797944606,25.222525714183526,1.0
915.0,1028.0,916.0,1052.032258064516,910.0,1002.9655172413793,24.053054435549328,25.528911590423846,1.0
909.0,1028.0,909.0,1053.0169491525423,903.0,1003.75,25.016949152542338,24.98124296347161,1.0
903.0,1029.0,908.0,1053.0384615384614,902.0,1003.9705882352941,24.552955690427368,25.049380297468357,1.0
897.0,1030.0,900.0,1054.05,894.0,1004.975,24.236387932198102,25.204178720997813,1.0
891.0,1031.0,892.0,1055.0666666666666,887.0,1005.9166666666666,24.087433330358,25.40026793384497,1.0
885.0,1031.0,885.0,1056.0238095238096,879.0,1006.9444444444445,25.023809523809632,24.792534220737082,1.0
879.0,1032.0,884.0,1056.1,878.0,1006.9803921568628,24.613207836444147,25.03958419431869,1.0
873.0,1033.0,876.0,1057.1666666666665,871.0,1007.9583333333334,24.35216166539986,25.12140659764979,1.0
867.0,1034.0,869.0,1058.032258064516,863.0,1008.9655172413793,24.115335943741258,25.352028064667273,1.0
861.0,1034.0,862.0,1059.0172413793102,856.0,1009.75,25.03721961861325,24.760098949721506,1.0
855.0,1035.0,861.0,1059.04,855.0,1009.9714285714285,24.777441352972634,25.028571428571468,1.0
849.0,1036.0,853.0,1060.05,847.0,1010.975,24.380371203080518,25.104792869091728,1.0
843.0,1037.0,845.0,1061.0714285714284,840.0,1011.9230769230769,24.15437172582598,25.255733428390432,1.0
837.0,1038.0,838.0,1062.0243902439024,832.0,1012.9473684210526,24.04519341971101,25.546709162443456,1.0
831.0,1038.0,837.0,1062.111111111111,831.0,1012.9803921568628,24.84644197893019,25.019607843137237,1.0
825.0,1039.0,829.0,1063.2,824.0,1013.9583333333334,24.528350943347213,25.06162543500406,1.0
819.0,1040.0,822.0,1064.0344827586207,816.0,1014.9677419354839,24.220990101035003,25.21138520209731,1.0
813.0,1041.0,814.0,1065.0526315789475,809.0,1015.875,24.073410349856605,25.441415546309525,1.0
807.0,1041.0,807.0,1066.0238095238096,801.0,1016.9411764705883,25.023809523809632,24.795705063969738,1.0
801.0,1042.0,806.0,1066.1,800.0,1016.98,24.613207836444147,25.039976038327175,1.0
795.0,1043.0,799.0,1067.030303030303,793.0,1017.9629629629629,24.360941355542682,25.116791666014308,1.0
789.0,1044.0,791.0,1068.0434782608695,785.0,1018.972972972973,24.126517504209026,25.34466574669192,1.0
783.0,1044.0,784.0,1069.0212765957447,778.0,1019.9230769230769,25.041251615699238,24.59061253511331,1.0
777.0,1045.0,783.0,1069.076923076923,777.0,1019.9782608695652,24.813267113624352,25.021739130434753,1.0
771.0,1046.0,775.0,1070.2,770.0,1020.9565217391304,24.528350943347213,25.063435586580088,1.0
765.0,1047.0,768.0,1071.037037037037,762.0,1021.969696969697,24.22352471297037,25.20944405949476,1.0
759.0,1048.0,760.0,1072.0588235294117,755.0,1022.8888888888889,24.079596957162188,25.4276994876565,1.0
753.0,1048.0,753.0,1073.0243902439024,747.0,1023.9473684210526,25.024390243902417,24.78969717186109,1.0
747.0,1049.0,752.0,1073.125,746.0,1023.9807692307693,24.637687087062375,25.03920742124281,1.0
