center_x,center_y,inner_x,inner_y,outer_x,outer_y,dist_inner,dist_outer
896.0,1241.0,901.0,1257.0243902439024,890.0,1224.9814814814815,16.78633619015403,17.105348155711983
890.0,1243.0,895.0,1259.0204081632653,884.0,1226.9818181818182,16.782534901427066,17.105032848852705
884.0,1245.0,888.0,1261.0588235294117,878.0,1228.9375,16.549495857843745,17.146542107667074
878.0,1246.0,881.0,1263.027027027027,874.0,1229.9722222222222,17.28929291148458,16.51937227904949
872.0,1248.0,877.0,1264.0232558139535,866.0,1231.969696969697,16.78525325633766,17.116384409195234
866.0,1249.0,868.0,1266.0434782608695,862.0,1232.9375,17.160423981613373,16.55306334942267
860.0,1251.0,863.0,1267.125,857.0,1233.9666666666667,16.401695796471778,17.29550359036832
854.0,1252.0,859.0,1268.0238095238096,852.0,1234.9772727272727,16.785781830326886,17.13981457897524
848.0,1253.0,849.0,1270.0588235294117,843.0,1236.9473684210525,17.08810873700219,16.81329773154044
842.0,1255.0,844.0,1271.142857142857,838.0,1237.974358974359,16.2662791299883,17.489209597177158
836.0,1256.0,840.0,1272.0434782608695,834.0,1238.9166666666665,16.534605973744654,17.200008074933656
830.0,1257.0,836.0,1273.025,825.0,1240.9772727272727,17.111417971635284,16.78474870995088
824.0,1259.0,828.0,1275.090909090909,818.0,1242.9545454545455,16.58063193523993,17.13057534265112
818.0,1261.0,822.0,1277.04,815.0,1243.8,16.53123104913844,17.45966780898198
812.0,1263.0,816.0,1279.047619047619,805.0,1246.9782608695652,16.538623796964043,17.484167831604232
806.0,1265.0,810.0,1281.0555555555557,799.0,1248.985294117647,16.54632479427181,17.477723092504625
800.0,1267.0,804.0,1283.0714285714284,794.0,1250.909090909091,16.56172745599101,17.173157990652104
794.0,1269.0,798.0,1285.05,788.0,1252.857142857143,16.540934072778313,17.221841850821093
788.0,1270.0,791.0,1287.0714285714284,784.0,1253.9830508474577,17.333022629344928,16.508866107492867
782.0,1272.0,787.0,1288.037037037037,781.0,1254.909090909091,16.798409357058038,17.120139413968456
776.0,1273.0,776.0,1290.0454545454545,776.0,1255.9615384615386,17.045454545454504,17.038461538461434
770.0,1274.0,770.0,1291.015625,770.0,1256.962962962963,17.015625,17.037037037036953
764.0,1275.0,769.0,1291.0344827586207,763.0,1257.9375,16.79597086614836,17.091778908293893
758.0,1276.0,761.0,1292.125,755.0,1258.972972972973,16.401695796471778,17.28929291148458
752.0,1277.0,754.0,1293.0416666666665,748.0,1259.9565217391305,16.165861234231834,17.506574514414048
746.0,1277.0,747.0,1294.0243902439024,741.0,1260.888888888889,17.053734581512632,16.869140500765507
740.0,1278.0,740.0,1295.017543859649,740.0,1260.9767441860465,17.017543859649095,17.023255813953483
734.0,1279.0,739.0,1295.0434782608695,733.0,1261.952380952381,16.80455874776224,17.076923469780596
728.0,1280.0,731.0,1296.090909090909,725.0,1262.962962962963,16.36818118704391,17.29915116418632
722.0,1281.0,723.0,1297.0625,717.0,1263.9583333333335,16.093598300255913,17.7600226007112
716.0,1281.0,716.0,1298.015625,716.0,1263.9811320754716,17.015625,17.018867924528422
710.0,1282.0,714.0,1298.111111111111,708.0,1264.9655172413793,16.600237987287024,17.15148981440813
704.0,1282.0,705.0,1299.0526315789475,704.0,1264.9926470588234,17.081927402003497,17.007352941176578
698.0,1283.0,698.0,1300.0087719298244,698.0,1265.9545454545455,17.008771929824434,17.045454545454504
692.0,1283.0,693.0,1300.1,692.0,1265.9938271604938,17.12921480979198,17.006172839506235
686.0,1284.0,686.0,1301.0072463768115,685.0,1266.9714285714285,17.00724637681151,17.05790857338497
680.0,1284.0,680.0,1301.017543859649,680.0,1266.9908256880735,17.017543859649095,17.009174311926472
674.0,1285.0,676.0,1301.1666666666665,674.0,1266.9945945945947,16.289908259751073,18.005405405405327
668.0,1285.0,668.0,1302.005,668.0,1266.9956521739132,17.00500000000011,18.004347826086814
662.0,1285.0,662.0,1302.005681818182,660.0,1267.857142857143,17.005681818181984,17.259129497758774
656.0,1285.0,656.0,1302.0060975609756,656.0,1267.9285714285716,17.006097560975604,17.07142857142844
650.0,1285.0,650.0,1302.0056497175142,652.0,1267.8,17.00564971751419,17.315888657530735
644.0,1285.0,644.0,1302.0049019607843,644.0,1266.995575221239,17.00490196078431,18.00442477876095
638.0,1285.0,636.0,1301.111111111111,638.0,1266.9945355191257,16.23477444359998,18.005464480874252
632.0,1284.0,632.0,1301.0181818181818,632.0,1266.9912280701756,17.0181818181818,17.008771929824434
626.0,1284.0,626.0,1301.008,626.0,1266.9772727272727,17.008000000000038,17.022727272727252
620.0,1283.0,617.0,1300.25,624.0,1266.9375,17.50892629489313,16.55306334942267
614.0,1283.0,614.0,1300.0185185185185,614.0,1265.9903846153848,17.018518518518476,17.009615384615245
608.0,1283.0,603.0,1299.142857142857,609.0,1265.9,16.899462616742962,17.12921480979198
602.0,1282.0,602.0,1299.0357142857142,602.0,1264.9915966386554,17.03571428571422,17.008403361344563
596.0,1282.0,591.0,1298.076923076923,597.0,1264.9166666666665,16.83649178484943,17.112576596695863
590.0,1281.0,590.0,1298.027027027027,590.0,1263.9901960784314,17.02702702702709,17.00980392156862
584.0,1281.0,580.0,1297.0555555555557,586.0,1263.857142857143,16.54632479427181,17.259129497758774
578.0,1280.0,578.0,1297.0151515151515,578.0,1262.986301369863,17.0151515151515,17.013698630137014
572.0,1279.0,569.0,1296.0434782608695,576.0,1262.96,17.30549482761852,16.53123104913844
566.0,1278.0,561.0,1295.037037037037,567.0,1261.9473684210525,17.755580277799115,16.083748960034875
560.0,1277.0,556.0,1294.0222222222224,563.0,1260.9767441860465,17.485881429962873,16.301678652193893
554.0,1276.0,549.0,1292.0833333333335,559.0,1259.95,16.842612953788258,16.81078522853702
548.0,1275.0,545.0,1291.037037037037,552.0,1257.9818181818182,16.315224697419737,17.48194818653498
542.0,1273.0,537.0,1289.0263157894738,548.0,1256.9795918367347,16.788174343386352,17.107117750153517
536.0,1271.0,530.0,1287.1666666666665,540.0,1254.962962962963,17.244161652893023,16.52835614715798
530.0,1270.0,526.0,1286.0416666666665,536.0,1253.909090909091,16.532848195167087,17.173157990652104
524.0,1268.0,519.0,1284.0208333333335,530.0,1251.9811320754716,16.782940764194137,17.10567536180567
518.0,1266.0,513.0,1282.027027027027,524.0,1249.9846153846154,16.78885330584125,17.102413408016375
512.0,1264.0,507.0,1280.0222222222224,518.0,1247.9811320754716,16.784266589228015,17.10567536180567
506.0,1262.0,499.0,1277.076923076923,512.0,1245.9545454545455,16.622683582004928,17.13057534265112
500.0,1260.0,496.0,1276.0434782608695,507.0,1243.9864864864865,16.534605973744654,17.47663054045261
494.0,1257.0,488.0,1273.047619047619,501.0,1241.9411764705883,17.132602753157656,16.606268879250504
488.0,1255.0,483.0,1271.25,493.0,1238.9285714285716,17.001838135919304,16.831245239925845
482.0,1253.0,475.0,1268.0526315789475,488.0,1236.9473684210525,16.600654127218238,17.13729793781455
476.0,1250.0,470.0,1266.0714285714284,483.0,1234.9615384615386,17.15490647967882,16.587806529007498
470.0,1248.0,465.0,1264.0625,478.0,1232.9545454545455,16.82271994209022,17.040120377489636
464.0,1246.0,460.0,1262.0434782608695,471.0,1229.9814814814815,16.534605973744654,17.481216648966953
458.0,1243.0,453.0,1259.111111111111,466.0,1227.96875,16.869140500765507,17.027579879786206
452.0,1240.0,446.0,1256.1666666666665,459.0,1224.9722222222222,17.244161652893023,16.578121272878697
446.0,1238.0,439.0,1253.090909090909,454.0,1222.888888888889,16.63537006471693,17.09811916593006
440.0,1235.0,432.0,1250.0357142857142,445.0,1218.875,17.03152089748977,16.88240578235223
434.0,1232.0,428.0,1248.25,441.0,1216.967741935484,17.322312201320006,16.58218268257256
428.0,1229.0,421.0,1245.0232558139535,435.0,1213.9827586206898,17.485557665667802,16.56857080874713
422.0,1226.0,414.0,1241.0666666666666,431.0,1211.8,17.058852377708256,16.811900546934048
416.0,1221.0,402.92857142857144,1232.0,428.030303030303,1209.0,17.083976261337956,16.992003737079322
413.0,1215.0,396.8888888888889,1223.0,427.25,1208.0,17.987993252015833,15.876476309307428
412.0,1209.0,393.97777777777776,1215.0,427.013698630137,1207.0,18.99474911198253,15.146324523018054
412.0,1203.0,393.90909090909093,1200.0,427.02127659574467,1206.0,18.337965855992213,15.317922527740715
413.0,1197.0,395.6666666666667,1192.0,428.02564102564105,1202.0,18.040078836979724,15.835715589496656
414.0,1191.0,397.9836065573771,1185.0,430.02777777777777,1196.0,17.103358117892952,16.78956999133173
416.0,1185.0,399.95,1180.0,432.2,1190.0,16.810785228537075,16.954055562018183
418.0,1179.0,402.9,1172.0,434.0357142857143,1185.0,16.64361739526599,17.121452410734932
420.0,1173.0,403.9642857142857,1169.0,436.0151515151515,1180.0,16.527072718816875,17.47813142338904
423.0,1167.0,406.94736842105266,1161.0,438.05555555555554,1174.0,17.13729793781439,16.603305486752312
425.0,1161.0,409.8888888888889,1153.0,441.03333333333336,1166.0,17.09811916593006,16.79487355646891
427.0,1155.0,410.9583333333333,1150.0,442.0769230769231,1163.0,16.80282920952436,17.067911690287602
429.0,1149.0,413.9166666666667,1142.0,445.04,1155.0,16.628497961164257,17.12546641700601
431.0,1143.0,414.9655172413793,1139.0,447.0151515151515,1150.0,16.52587780834968,17.47813142338904
434.0,1137.0,417.9375,1131.0,449.04761904761904,1144.0,17.146542107667074,16.59610915251726
436.0,1131.0,419.9830508474576,1125.0,452.0285714285714,1136.0,17.10387851205476,16.790327633516142
438.0,1125.0,421.95,1120.0,454.25,1130.0,16.810785228537075,17.001838135919304
440.0,1119.0,424.8888888888889,1112.0,456.03333333333336,1125.0,16.653698658626706,17.11922246417105
442.0,1113.0,425.9583333333333,1109.0,458.013698630137,1120.0,16.53284819516725,17.476800159550148
445.0,1107.0,428.9166666666667,1101.0,460.04,1114.0,17.16605985982545,16.58920130687432
447.0,1101.0,430.9811320754717,1095.0,463.0243902439024,1106.0,17.105675361805563,16.78633619015403
449.0,1095.0,432.9375,1090.0,465.1666666666667,1100.0,16.82271994209022,16.9222076311311
451.0,1089.0,435.85714285714283,1082.0,467.02941176470586,1095.0,16.6825094769636,17.115549699688014
453.0,1083.0,436.95238095238096,1079.0,469.25,1089.0,16.538623796964043,17.322312201320006
456.0,1077.0,439.9,1071.0,472.09090909090907,1081.0,17.181676286090386,16.580631935239982
458.0,1071.0,441.98,1065.0,474.02272727272725,1076.0,17.106735515579803,16.78474870995088
460.0,1065.0,443.92857142857144,1060.0,476.125,1070.0,16.831245239925956,16.88240578235223
462.0,1059.0,446.8,1052.0,478.02564102564105,1065.0,16.734395716607146,17.112018299508378
464.0,1053.0,447.94117647058823,1049.0,480.1666666666667,1059.0,16.549495857843798,17.244161652893183
466.0,1047.0,450.85714285714283,1041.0,482.0285714285714,1054.0,16.288220358559137,17.49042886955079
469.0,1041.0,452.975,1035.0,484.25,1048.0,17.111417971635177,16.779824194549835
471.0,1035.0,454.875,1030.0,487.07142857142856,1040.0,16.88240578235223,16.831245239925956
473.0,1029.0,456.97727272727275,1024.0,489.02,1035.0,16.78474870995088,17.106735515579803
475.0,1023.0,458.90909090909093,1019.0,491.1111111111111,1029.0,16.580631935239982,17.192088332560623
478.0,1017.0,461.8888888888889,1011.0,494.09090909090907,1021.0,17.192088332560623,16.580631935239982
480.0,1011.0,463.9824561403509,1005.0,496.02941176470586,1016.0,17.10443542756622,16.79112984651392
482.0,1005.0,465.96153846153845,1000.0,497.0769230769231,1013.0,16.79976929962761,17.067911690287602
484.0,999.0,468.95238095238096,992.0,500.06666666666666,1005.0,16.59610915251726,17.15044541047776
486.0,993.0,469.9756097560976,989.0,502.01851851851853,1000.0,16.516085574035845,17.481216648967006
488.0,987.0,471.9846153846154,983.0,505.0163934426229,991.0,16.50734819341672,17.480207258329077
489.0,981.0,473.94117647058823,976.0,506.0232558139535,987.0,15.867204104377226,18.049688044597918
490.0,975.0,473.9850746268657,975.0,508.0357142857143,975.0,16.014925373134304,18.035714285714278
491.0,969.0,474.6666666666667,967.0,508.125,974.0,16.455326729596624,17.840000700672633
491.0,963.0,474.5,966.0,508.1,958.0,16.77050983124842,17.816004041310745
490.0,957.0,473.9848484848485,957.0,508.030303030303,957.0,16.0151515151515,18.030303030303003
489.0,951.0,473.95,956.0,507.03225806451616,950.0,15.85883034779048,18.05996486445386
488.0,945.0,471.962962962963,947.0,505.2,941.0,16.16126718197855,17.658992043715283
487.0,939.0,470.96153846153845,943.0,503.2,933.0,16.529738307689883,17.275416058665552
486.0,933.0,469.95454545454544,939.0,502.125,929.0,17.130575342651174,16.613717976419366
484.0,927.0,467.85714285714283,931.0,500.0416666666667,921.0,16.63105037977742,17.12702745500354
483.0,921.0,465.97777777777776,924.0,499.02941176470586,917.0,17.284561012149446,16.520957645442063
481.0,915.0,464.97058823529414,920.0,497.0181818181818,909.0,16.79112984651392,17.105032848852705
479.0,909.0,462.94444444444446,912.0,496.14285714285717,906.0,16.333427815297387,17.40337757506884
478.0,903.0,461.94117647058823,908.0,494.1,898.0,16.819209646971792,16.85852899869976
476.0,897.0,459.97872340425533,900.0,493.0208333333333,893.0,16.299733241907852,17.484529372022298
474.0,891.0,458.9925373134328,897.0,491.05,885.0,16.16242358957054,18.074913554426765
472.0,885.0,457.9714285714286,895.0,485.1111111111111,873.0,17.227908065883394,17.773610622715367
467.0,880.0,457.0,894.0285714285715,475.0,864.9861111111111,17.22790806588344,17.01225615748546
461.0,878.0,455.0,893.0333333333333,468.0,861.875,16.186448378539072,17.57884026322556
455.0,876.0,450.0,891.125,460.0,858.9583333333333,15.9300227557904,17.76002260071142
449.0,875.0,444.0,890.0270270270271,450.0,856.95,15.837030696156479,18.077679607737227
443.0,873.0,438.0,889.047619047619,444.0,855.9722222222222,16.80851204293543,17.05711628761979
437.0,872.0,432.0,888.1428571428571,438.0,854.9803921568628,16.899462616742962,17.048960412124213
431.0,871.0,431.0,888.0222222222221,431.0,853.962962962963,17.022222222222126,17.037037037036953
425.0,870.0,425.0,887.0344827586207,425.0,852.9767441860465,17.034482758620697,17.023255813953483
419.0,869.0,418.0,886.0185185185185,424.0,852.8,17.047872963075374,16.954055562018237
413.0,868.0,412.0,885.0263157894738,418.0,851.9444444444443,17.055656814174096,16.816089444265398
407.0,867.0,406.0,884.0454545454545,412.0,850.9705882352941,17.07476268242565,16.79112984651392
401.0,866.0,399.0,883.0217391304348,405.0,849.9000000000001,17.138833187372285,16.58945448168797
395.0,865.0,393.0,882.0333333333333,399.0,848.9615384615386,17.15034823099646,16.529738307689772
389.0,864.0,387.0,881.0714285714287,392.0,847.8,17.1881841236761,16.475436261295222
383.0,863.0,380.0,880.0263157894738,386.0,846.9375,17.28859246332342,16.340254167239873
377.0,863.0,374.0,879.0454545454545,380.0,845.969696969697,16.323498753951206,17.292519229538176
371.0,862.0,368.0,878.125,373.0,844.8888888888889,16.401695796471778,17.22759772739047
365.0,861.0,361.0,877.0333333333333,367.0,843.9583333333333,16.524762563431185,17.158624734452946
359.0,860.0,355.0,876.0714285714287,361.0,842.9749999999999,16.561727455991228,17.142071782605598
353.0,859.0,349.0,875.25,354.0,841.9333333333334,16.73506797117956,17.095938439030164
347.0,858.0,342.0,874.0434782608695,348.0,840.9677419354839,16.80455874776224,17.06158887021586
341.0,857.0,336.0,873.125,342.0,839.9787234042553,16.88240578235223,17.050626291982507
335.0,856.0,335.0,873.0212765957447,335.0,838.9565217391305,17.021276595744666,17.043478260869506
329.0,855.0,329.0,872.0322580645161,329.0,837.9736842105262,17.0322580645161,17.026315789473756
323.0,854.0,322.0,871.0181818181818,323.0,836.9814814814815,17.047536842508762,17.018518518518476
317.0,853.0,316.0,870.0256410256411,322.0,836.9285714285713,17.05498321119061,16.831245239926062
311.0,852.0,310.0,869.0434782608695,316.0,835.9666666666667,17.072789790445245,16.794873556468854
305.0,851.0,303.0,868.0212765957447,309.0,834.8571428571429,17.138373812845987,16.631050379777363
299.0,850.0,297.0,867.0322580645161,303.0,833.952380952381,17.149280299075926,16.538623796964043
293.0,849.0,291.0,866.0666666666666,297.0,832.9729729729729,17.183454574418644,16.518643870640737
287.0,848.0,284.0,865.0256410256411,290.0,831.9230769230769,17.2879279363952,16.35443229284656
281.0,848.0,278.0,864.0434782608695,284.0,830.9642857142858,16.32155613619585,17.297848456512956
275.0,847.0,272.0,863.1111111111111,277.0,829.8333333333333,16.388041409349903,17.282778840349923
269.0,846.0,265.0,862.0322580645161,271.0,828.95,16.523719274038804,17.166901292894956
263.0,845.0,259.0,861.0625,265.0,827.9714285714285,16.55306334942267,17.145618825168153
257.0,844.0,253.0,860.25,258.0,826.909090909091,16.73506797117956,17.120139413968456
251.0,843.0,246.0,859.0416666666667,252.0,825.962962962963,16.802829209524415,17.06635962943969
245.0,842.0,240.0,858.1111111111111,246.0,824.9767441860465,16.869140500765507,17.052602103705492
239.0,841.0,239.0,858.0208333333333,240.0,823.9830508474577,17.020833333333258,17.046306299612578
233.0,840.0,233.0,857.0357142857142,233.0,822.9767441860465,17.03571428571422,17.023255813953483
227.0,839.0,226.0,856.0222222222221,232.0,822.8333333333333,17.05157029081817,16.922207631131158
221.0,838.0,220.0,855.0454545454545,226.0,821.962962962963,17.07476268242565,16.798409357058038
215.0,837.0,213.0,854.0263157894738,219.0,820.909090909091,17.14337858658215,16.58063193523993
209.0,836.0,206.0,853.0526315789473,212.0,819.9583333333333,17.31450963115358,16.31977541035559
203.0,834.0,199.0,852.1428571428571,206.0,818.9772727272727,18.578570055473087,15.319345113637958
197.0,832.0,188.0,848.0666666666666,206.0,818.9772727272727,18.415693790291364,15.830079773009174
192.0,829.0,177.85714285714286,839.0,204.02083333333334,817.0,17.321097198597588,16.985300528038294
189.0,823.0,171.91666666666666,828.0,203.03125,815.0,17.800007802744865,16.15165553627553
187.0,817.0,169.97727272727272,822.0,203.03125,815.0,17.741850067049185,16.155524645225857
185.0,811.0,167.98076923076923,813.0,201.0222222222222,806.0,17.136341966018637,16.78426658922788
183.0,805.0,166.9090909090909,807.0,200.02564102564102,801.0,16.214726496981097,17.489209597177073
182.0,799.0,165.96428571428572,802.0,199.05,796.0,16.313924501880624,17.31191786024877
181.0,793.0,164.8,796.0,198.0204081632653,790.0,16.475436261295165,17.282774489188597
180.0,787.0,163.94736842105263,791.0,197.03333333333333,785.0,16.543487558837718,17.15034823099649
179.0,781.0,162.975,786.0,196.0909090909091,780.0,16.786918269891,17.12013941396854
178.0,775.0,161.93333333333334,780.0,195.02941176470588,774.0,16.826698362357888,17.058747464333457
177.0,769.0,159.98245614035088,770.0,194.01666666666668,768.0,17.04689998255054,17.04602430024212
176.0,763.0,158.96296296296296,764.0,192.04761904761904,758.0,17.066359629439777,16.80851204293543
174.0,757.0,157.97619047619048,759.0,191.11111111111111,753.0,16.14814143037299,17.572425087528195
173.0,751.0,156.9090909090909,753.0,190.02631578947367,747.0,16.214726496981097,17.489866476416577
172.0,745.0,155.96,748.0,189.04347826086956,742.0,16.31813714858408,17.305494827618578
171.0,739.0,154.975,743.0,188.1,737.0,16.516677177931406,17.216561793807724
170.0,733.0,153.94736842105263,737.0,187.03333333333333,731.0,16.543487558837718,17.15034823099649
169.0,727.0,152.875,731.0,186.02325581395348,725.0,16.613717976419366,17.140339509685944
169.0,721.0,151.85714285714286,725.0,185.02325581395348,719.0,17.60333920085641,16.147591983927327
168.0,715.0,150.83333333333334,718.0,184.125,713.0,17.426831164742605,16.24855762829427
168.0,709.0,149.96296296296296,709.0,184.00819672131146,709.0,18.037037037037038,16.008196721311464
167.0,703.0,149.88888888888889,708.0,184.00442477876106,703.0,17.826668882794404,17.004424778761063
167.0,697.0,148.99447513812154,697.0,184.00393700787401,697.0,18.005524861878456,17.003937007874015
167.0,691.0,149.85714285714286,687.0,184.00467289719626,691.0,17.60333920085641,17.004672897196258
168.0,685.0,149.97297297297297,685.0,184.0090909090909,685.0,18.02702702702703,16.0090909090909
168.0,679.0,150.96875,675.0,184.14285714285714,681.0,17.494669947229642,16.266279129988327
169.0,673.0,151.9,669.0,185.02380952380952,675.0,17.561605849124383,16.14814143037299
170.0,667.0,152.9814814814815,663.0,186.02564102564102,670.0,17.482275954953842,16.30402313181347
171.0,661.0,154.85714285714286,656.0,187.03333333333333,666.0,16.899462616742987,16.794873556468882
173.0,655.0,156.95652173913044,650.0,189.04761904761904,660.0,16.804558747762293,16.80851204293543
175.0,649.0,159.97142857142856,642.0,191.04761904761904,655.0,16.578840706867105,17.132602753157656
178.0,643.0,161.94444444444446,637.0,193.03703703703704,650.0,17.140036878534726,16.58651509067603
180.0,637.0,163.83333333333334,632.0,196.08333333333334,642.0,16.922207631131077,16.842612953788123
182.0,631.0,166.95,624.0,198.0625,637.0,16.598267981931137,17.146542107667074
185.0,625.0,169.95238095238096,617.0,201.07142857142858,630.0,17.042031539762718,16.83124523992598
187.0,619.0,171.98611111111111,612.0,203.0222222222222,626.0,16.565532275417567,17.484610517202587
190.0,613.0,174.97560975609755,606.0,206.01298701298703,620.0,16.575050594223566,17.476148119024717
193.0,607.0,177.94444444444446,600.0,209.1,613.0,16.603305486752312,17.181676286090358
196.0,601.0,179.8,596.0,211.03846153846155,609.0,16.954055562018183,17.033946267491487
199.0,595.0,183.97674418604652,587.0,214.01612903225808,603.0,17.0205233542182,17.01423319204906
202.0,589.0,186.9,581.0,217.0909090909091,596.0,17.08830009099793,16.635370064717005
204.0,583.0,188.984126984127,576.0,220.01612903225808,590.0,16.567330576433346,17.47902712332526
207.0,577.0,191.9090909090909,570.0,222.11111111111111,585.0,16.635370064717005,17.098119165930086
210.0,571.0,194.97727272727272,563.0,225.01724137931035,579.0,17.020056836295936,17.01521491619988
213.0,565.0,196.92307692307693,559.0,228.05263157894737,572.0,17.16005406813456,16.600654127218107
215.0,559.0,199.9787234042553,552.0,231.01298701298703,566.0,16.572228292111696,17.476148119024717
218.0,553.0,202.8,546.0,233.05882352941177,561.0,16.734395716607146,17.05192558305265
221.0,547.0,205.96666666666667,539.0,237.2,552.0,17.029418989240682,16.954055562018183
224.0,541.0,207.83333333333334,535.0,239.03571428571428,548.0,17.244161652893155,16.585315917450366
226.0,535.0,210.97222222222223,528.0,242.33333333333334,541.0,16.578121272878644,17.40051084818426
229.0,529.0,212.9,524.0,244.04347826086956,537.0,16.858528998699732,17.03837545616527
232.0,523.0,216.96296296296296,515.0,248.14285714285714,528.0,17.032688656029137,16.899462616742987
235.0,517.0,218.8,511.0,250.03125,524.0,17.275416058665552,16.581268846578055
237.0,511.0,221.97435897435898,504.0,253.0120481927711,518.0,16.576184368889802,17.475287903998147
240.0,505.0,224.875,498.0,255.08333333333334,513.0,16.666302079345616,17.07357444838206
243.0,499.0,227.98245614035088,491.0,258.0217391304348,507.0,17.015481879056058,17.019184660342468
246.0,493.0,230.95,485.0,261.3333333333333,500.0,17.04413388823264,16.855595839694026
249.0,487.0,233.88888888888889,479.0,264.09090909090907,494.0,17.098119165930086,16.63537006471698
252.0,481.0,236.95454545454547,473.0,266.25,490.0,17.04012037748966,16.854153790683174
256.0,475.0,241.88888888888889,465.0,269.25,485.0,17.29518594262934,16.60007530103403
261.0,469.0,251.0,454.8888888888889,273.0,481.0138888888889,17.295185942629317,16.98038651605341
267.0,465.0,258.0,449.9000000000001,275.0,479.33333333333326,17.578680269007606,16.414763002993443
273.0,463.0,265.0,445.97142857142853,279.0,477.01351351351354,18.814150124253832,15.243968019955524
279.0,461.0,273.0,442.9000000000001,281.0,476.0126582278481,19.068560512005007,15.145293231435785
285.0,461.0,289.0,441.97619047619037,285.0,476.00574712643675,19.439787262163907,15.005747126436745
291.0,462.0,297.0,443.8571428571429,287.0,476.03125,19.109245545183654,14.590269927677829
297.0,463.0,303.0,445.96296296296305,290.0,477.0625,18.062686151327796,15.70840240922036
303.0,465.0,313.0,450.8571428571429,296.0,480.0526315789473,17.321097198597563,16.600654127218032
309.0,468.0,318.0,453.66666666666674,301.0,483.04761904761904,16.92466969971474,17.042031539762718
315.0,472.0,323.0,456.8571428571429,306.0,486.07142857142867,17.12618236645221,16.7034458133889
321.0,476.0,330.0,460.97826086956525,311.0,489.125,17.51150040695641,16.500473478055106
327.0,479.0,336.0,464.66666666666674,319.0,494.0526315789473,16.92466969971474,17.046457621791134
333.0,483.0,341.0,467.875,324.0,497.090909090909,17.110395232138853,16.71986001760368
339.0,487.0,348.0,471.9811320754718,329.0,500.20000000000005,17.509037487378393,16.560193235587597
345.0,490.0,354.0,475.83333333333326,337.0,505.07142857142867,16.78375537370724,17.06305831859214
351.0,494.0,359.0,478.91666666666674,342.0,508.1428571428571,17.073574448381983,16.763663327663927
357.0,498.0,367.0,483.75,350.0,513.0588235294117,17.408690358553685,16.606268879250504
363.0,501.0,372.0,486.8888888888889,355.0,516.0999999999999,16.736889101327126,17.088300090997855
369.0,505.0,377.0,489.9411764705883,360.0,519.25,17.0519255830526,16.854153790683174
375.0,509.0,385.0,494.8571428571429,368.0,524.0769230769231,17.321097198597563,16.622683582004928
381.0,512.0,390.0,497.9230769230769,373.0,527.1666666666667,16.708074793751972,17.14723819679951
387.0,516.0,395.0,500.95238095238096,379.0,531.0175438596491,17.042031539762718,17.015481879056033
393.0,520.0,403.0,505.83333333333326,386.0,535.0714285714287,17.340543372237406,16.61770017733129
399.0,523.0,408.0,508.9000000000001,391.0,538.0999999999999,16.727522231340703,17.088300090997855
405.0,527.0,413.0,511.92857142857133,396.0,541.1666666666667,17.06305831859214,16.78375537370724
411.0,531.0,420.0,515.9824561403509,404.0,546.0454545454545,17.50790174682518,16.59414663305521
417.0,534.0,426.0,519.8,409.0,549.0588235294117,16.811900546934048,17.0519255830526
423.0,538.0,431.0,522.875,414.0,552.0833333333333,17.110395232138853,16.71347593344292
429.0,542.0,438.0,526.9772727272727,419.0,555.125,17.51234806388747,16.500473478055106
435.0,545.0,443.0,529.9811320754718,427.0,560.04,17.01665048516957,17.03530451738386
441.0,549.0,451.0,534.962962962963,432.0,563.0526315789473,17.23480225529574,16.68761379867195
447.0,553.0,456.0,537.9705882352941,437.0,566.0714285714287,17.51808260036123,16.45789308805844
453.0,556.0,461.0,540.9756097560976,445.0,571.0294117647059,17.021524673220966,17.02595718287459
459.0,560.0,469.0,545.9473684210527,450.0,574.0357142857142,17.247505741226078,16.673370250498316
465.0,563.0,474.0,548.9583333333333,455.0,577.0454545454545,16.678381299687924,17.241658661173773
471.0,567.0,479.0,551.9666666666667,463.0,582.0222222222221,17.029418989240654,17.019611055891502
477.0,571.0,487.0,556.9166666666667,468.0,585.0263157894738,17.272529570904652,16.665459328384586
483.0,574.0,492.0,559.9375,475.0,589.2,16.695924839612807,17.17672844286715
489.0,578.0,497.0,562.952380952381,481.0,593.0175438596491,17.042031539762718,17.015481879056033
495.0,582.0,505.0,567.8333333333333,488.0,597.0714285714287,17.340543372237406,16.61770017733129
501.0,585.0,510.0,570.909090909091,493.0,600.1111111111111,16.71986001760368,17.09811916593006
507.0,589.0,515.0,573.9375,498.0,603.2,17.05517241923986,16.811900546934048
513.0,593.0,523.0,578.8,506.0,608.0625,17.36778627229162,16.60960283239789
519.0,596.0,528.0,581.8888888888889,511.0,611.090909090909,16.736889101327126,17.08026748005078
525.0,600.0,533.0,584.9285714285713,516.0,614.1666666666667,17.06305831859214,16.78375537370724
531.0,604.0,541.0,589.6666666666667,524.0,619.0555555555557,17.476968971891043,16.603305486752415
537.0,607.0,546.0,592.909090909091,529.0,622.125,16.71986001760368,17.110395232138853
543.0,611.0,551.0,595.9545454545455,535.0,626.0204081632653,17.040120377489636,17.018009912768502
549.0,615.0,559.0,600.9411764705883,540.0,629.0322580645161,17.252551087625864,16.670460893124016
555.0,618.0,564.0,603.9666666666667,545.0,632.0588235294117,16.671366004153455,17.252551087625864
561.0,622.0,569.0,606.9791666666667,553.0,637.0434782608695,17.018385176854338,17.03837545616522
567.0,626.0,575.0,610.8571428571429,558.0,640.090909090909,17.12618236645221,16.71986001760368
573.0,630.0,583.0,615.75,566.0,645.0625,17.408690358553685,16.60960283239789
579.0,633.0,588.0,618.9166666666667,571.0,648.1666666666667,16.71347593344292,17.14723819679951
585.0,637.0,593.0,621.9583333333333,577.0,652.0217391304348,17.036775989344736,17.019184660342418
591.0,641.0,601.0,626.9444444444443,582.0,655.0357142857142,17.24988817283496,16.673370250498316
597.0,644.0,606.0,629.96875,587.0,658.0666666666666,16.669612369893308,17.25894293145178
603.0,648.0,612.0,633.6666666666667,595.0,663.0666666666666,16.92466969971474,17.058852377708256
609.0,652.0,617.0,636.9473684210527,598.0,665.0357142857142,17.046457621791134,17.056665762650503
614.0,658.0,630.0212765957447,649.0,600.9931972789116,668.0,18.376106871624245,16.40661199106365
616.0,664.0,634.030303030303,658.0,601.983870967742,670.0,19.002416355941516,15.24637245540417
617.0,670.0,636.0102040816327,670.0,601.983870967742,670.0,19.01020408163265,15.01612903225805
617.0,676.0,636.0097087378641,676.0,601.9772727272727,676.0,19.009708737864116,15.022727272727252
616.0,682.0,634.0188679245283,687.0,601.9772727272727,676.0,18.69972195733389,15.252438498983981
615.0,688.0,631.0117647058823,695.0,599.9772727272727,681.0,17.475028154384745,16.57354321534002
613.0,694.0,628.0370370370371,701.0,596.875,688.0,16.586515090676055,17.205104620431694
610.0,700.0,626.2,705.0,594.9677419354839,692.0,16.954055562018237,17.028469764433012
607.0,706.0,622.0416666666666,714.0,590.8571428571429,701.0,17.036775989344637,16.899462616742962
604.0,712.0,620.1666666666666,718.0,588.9615384615385,705.0,17.24416165289313,16.5878065290076
601.0,718.0,617.0204081632653,725.0,585.9861111111111,711.0,17.482948198676834,16.565532275417592
598.0,724.0,614.0625,731.0,582.8888888888889,718.0,17.521526938312196,16.25871086563584
596.0,730.0,611.2,737.0,580.9411764705883,722.0,16.7343957166072,17.0519255830526
593.0,736.0,608.0138888888889,744.0,577.9714285714285,728.0,17.01225615748546,17.025215393165357
590.0,742.0,605.0169491525423,750.0,574.9782608695652,734.0,17.01495700406093,17.019184660342418
587.0,748.0,602.0185185185185,756.0,571.9791666666666,740.0,17.016342100788947,17.01838517685444
584.0,754.0,599.02,762.0,568.98,746.0,17.017649661454413,17.017649661454413
581.0,760.0,596.0212765957447,768.0,565.9807692307693,752.0,17.018776412123948,17.016970732166367
578.0,766.0,593.0227272727273,774.0,562.9814814814815,758.0,17.02005683629591,17.016342100788947
575.0,772.0,590.0232558139535,780.0,559.9824561403509,764.0,17.0205233542182,17.015481879056033
572.0,778.0,587.0238095238095,786.0,556.984375,770.0,17.021012091168657,17.013788353586186
569.0,784.0,584.0238095238095,792.0,553.9857142857143,776.0,17.021012091168657,17.012606370283322
566.0,790.0,581.04,798.0,549.75,785.0,17.03530451738386,17.001838135919304
563.0,796.0,578.0833333333334,804.0,547.9166666666666,789.0,17.073574448382086,16.62849796116431
560.0,802.0,576.0126582278481,809.0,544.9767441860465,795.0,17.475846861364708,16.574022301526178
558.0,808.0,573.0833333333334,815.0,541.95,802.0,16.62849796116431,17.134832943451727
555.0,814.0,571.0344827586207,820.0,539.9090909090909,807.0,17.120298985020806,16.635370064717034
553.0,820.0,569.1666666666666,825.0,536.9615384615385,815.0,16.922207631131048,16.79976929962761
551.0,826.0,567.0192307692307,832.0,534.98,821.0,17.106015153678197,16.78214527407028
550.0,832.0,566.0344827586207,835.0,532.9722222222222,828.0,16.31271397825955,17.491289719439916
548.0,838.0,564.0227272727273,843.0,531.9629629629629,832.0,16.78474870995088,17.12269128750789
547.0,844.0,563.2,847.0,529.9787234042553,841.0,16.475436261295222,17.283629738826424
546.0,850.0,562.2,853.0,528.9,848.0,16.475436261295222,17.216561793807752
545.0,856.0,562.0094339622641,856.0,527.9761904761905,855.0,17.009433962264097,17.053154860697994
545.0,862.0,561.0370370370371,863.0,526.9926470588235,862.0,16.068184618285247,18.007352941176464
544.0,868.0,561.008695652174,868.0,526.9811320754717,868.0,17.00869565217397,17.01886792452831
544.0,874.0,561.0065359477125,874.0,526.9629629629629,874.0,17.00653594771245,17.037037037037067
544.0,880.0,561.0086206896551,880.0,526.9821428571429,880.0,17.008620689655118,17.01785714285711
545.0,886.0,561.0322580645161,885.0,526.9929078014185,886.0,16.063414912379045,18.007092198581518
545.0,892.0,562.0125,892.0,527.9615384615385,892.0,17.012500000000045,17.038461538461547
546.0,898.0,562.125,894.0,528.9772727272727,900.0,16.613717976419366,17.13981457897524
547.0,904.0,563.0285714285715,899.0,529.9811320754717,906.0,16.790327633516196,17.1359816010796
548.0,910.0,564.0277777777778,904.0,531.9714285714285,915.0,17.114019413738806,16.790327633516196
550.0,916.0,566.016393442623,912.0,532.9411764705883,919.0,16.50832695668754,17.320607962990522
551.0,922.0,567.025641025641,916.0,534.9821428571429,927.0,17.112018299508325,16.780099744905527
553.0,928.0,569.125,923.0,536.9375,933.0,16.88240578235223,16.82271994209022
555.0,934.0,571.3333333333334,928.0,539.9777777777778,941.0,17.400510848184286,16.573085424682624
558.0,940.0,573.0285714285715,932.0,542.9677419354839,948.0,17.025215393165357,17.028469764433012
560.0,946.0,576.3333333333334,940.0,544.974358974359,953.0,17.400510848184286,16.576184368889777
563.0,952.0,578.0294117647059,944.0,547.9875,960.0,17.02595718287459,17.011030428812987
567.0,958.0,581.0625,949.0,552.9666666666667,968.0,16.695924839612807,17.231785875075268
571.0,964.0,586.0277777777778,956.0,557.9411764705883,975.0,17.024514822404576,17.07433371971852
575.0,970.0,590.027027027027,962.0,559.9285714285714,978.0,17.023852127852827,17.063058318592038
579.0,976.0,592.025641025641,965.0,565.9411764705883,987.0,17.048968418319678,17.07433371971852
584.0,982.0,596.0285714285715,970.0,570.8888888888889,993.0,16.9907778106903,17.11435755638816
589.0,987.0,601.0,974.9756097560976,578.0,1000.3333333333334,16.987818009905087,17.28518954995226
594.0,993.0,606.0,979.9642857142857,581.6666666666666,1004.0,17.718065552954048,16.526073674987416
600.0,999.0,613.0140845070423,987.0,587.991304347826,1011.0,17.702157935021322,16.97671261659754
606.0,1005.0,618.0,991.9827586206897,596.0,1018.1111111111111,17.704478900188775,16.48942796363478
612.0,1009.0,623.0,995.9787234042553,601.0,1022.0588235294117,17.04563416781223,17.07433371971852
618.0,1013.0,627.0,998.6666666666666,610.0,1028.111111111111,16.924669699714837,17.09811916593006
624.0,1017.0,632.0,1001.9761904761905,616.0,1032.0625,17.021012091168657,17.05517241923986
630.0,1021.0,638.0,1005.9473684210526,622.0,1036.0208333333335,17.046457621791234,17.01838517685454
636.0,1025.0,643.0,1008.96,629.0,1040.0263157894738,17.500902833853996,16.5767960174754
642.0,1028.0,650.0,1012.9411764705883,633.0,1042.142857142857,17.0519255830526,16.763663327663927
648.0,1031.0,656.0,1015.9795918367347,640.0,1046.0181818181818,17.018009912768502,17.016044931886093
654.0,1034.0,662.0,1018.9782608695652,646.0,1049.016393442623,17.019184660342418,17.01446655125134
660.0,1037.0,668.0,1021.975,652.0,1052.0149253731342,17.022062889086016,17.013170896713834
666.0,1040.0,674.0,1024.9333333333334,659.0,1055.142857142857,17.058852377708256,16.68250947696355
672.0,1042.0,679.0,1026.9642857142858,666.0,1058.111111111111,16.585315917450313,17.192088332560623
678.0,1043.0,683.0,1027.909090909091,672.0,1060.02,15.897658229754473,18.04661741158158
684.0,1045.0,689.0,1028.9444444444443,683.0,1062.0285714285715,16.816089444265398,17.05790857338497
690.0,1046.0,695.0,1029.962962962963,689.0,1063.0454545454545,16.798409357058038,17.07476268242565
696.0,1047.0,701.0,1030.9565217391305,695.0,1064.037037037037,16.80455874776224,17.06635962943969
702.0,1048.0,702.0,1030.9846153846154,702.0,1065.0333333333333,17.01538461538462,17.033333333333303
708.0,1048.0,709.0,1031.9583333333335,708.0,1066.0068493150684,16.07280527613147,18.006849315068393
714.0,1049.0,714.0,1031.9891304347825,714.0,1066.0125,17.01086956521749,17.012500000000045
720.0,1049.0,720.0,1031.9894736842107,720.0,1066.012987012987,17.01052631578932,17.01298701298697
726.0,1049.0,726.0,1031.972972972973,726.0,1066.0074074074073,17.02702702702709,17.0074074074073
732.0,1048.0,728.0,1031.9333333333334,735.0,1065.0625,16.557106564184934,17.324228878942925
738.0,1048.0,738.0,1030.983870967742,738.0,1065.013698630137,17.01612903225805,17.013698630137014
744.0,1047.0,740.0,1030.8,746.0,1064.030303030303,16.686521506892966,17.147338607024345
750.0,1046.0,747.0,1029.9714285714285,753.0,1063.125,16.30690350866214,17.385788017803506
756.0,1045.0,754.0,1028.875,759.0,1062.1,16.24855762829427,17.361163555476253
762.0,1044.0,759.0,1027.857142857143,765.0,1061.0344827586207,16.41925201507952,17.29663559348308
768.0,1043.0,763.0,1026.9714285714285,774.0,1059.0192307692307,16.790327633516196,17.106015153678197
774.0,1042.0,771.0,1024.969696969697,778.0,1058.0192307692307,17.292519229538176,16.51107974778961
780.0,1040.0,775.0,1023.9705882352941,786.0,1056.03125,16.79112984651392,17.11727129429513
786.0,1038.0,780.0,1022.8571428571429,790.0,1055.0416666666665,16.288220358559084,17.504810846672196
792.0,1036.0,785.0,1020.9852941176471,799.0,1052.027027027027,16.56627274716807,17.48901356066307
798.0,1033.0,790.0,1017.9736842105264,806.0,1048.0588235294117,17.023224318706045,17.0519255830526
804.0,1029.0,795.0,1014.6666666666666,812.0,1044.142857142857,16.924669699714837,17.12618236645221
810.0,1025.0,799.0,1011.9722222222222,821.0,1038.04,17.050600981407133,17.059941383252145
816.0,1021.0,806.0,1006.9411764705883,825.0,1035.076923076923,17.252551087625864,16.708074793751972
822.0,1016.0,811.0,1002.96,834.0,1028.076923076923,17.059941383252145,17.025042467081178
828.0,1011.0,816.0,998.9,840.0,1023.0666666666667,17.041420128616057,17.017768491915906
834.0,1006.0,823.0,992.75,846.0,1018.0204081632653,17.220990099294525,16.984999629422873
840.0,1000.0,828.0,987.9615384615385,851.0,1013.3333333333334,16.99778092025597,17.28518954995226
846.0,994.0,834.0,981.969696969697,859.0,1006.0081300813008,16.992003737079322,17.69732149364534
852.0,989.0,839.0,976.974358974359,864.0071428571429,1001.0,17.709207833146568,16.975614262577864
858.0,983.0,846.0,969.9848484848485,870.0,995.0077519379845,17.702942381489876,16.976045081354208
864.0,977.0,854.0,962.8333333333333,876.0,989.0151515151515,17.340543372237406,16.981279867314107
870.0,971.0,858.0,958.96875,882.0,983.1111111111111,16.992674202799865,17.049311198569825
876.0,966.0,864.0,952.9906542056074,888.0,978.0102040816327,17.698674470086203,16.977779657024225
882.0,960.0,870.0,947.8571428571429,894.0,972.0384615384614,17.071876862015962,16.99778092025589
888.0,954.0,875.9629629629629,942.0,900.0769230769231,966.0,16.996772065042293,17.025042467081178
894.0,948.0,881.9411764705883,936.0,906.0625,960.0,17.012208113983718,17.014814317235437
900.0,942.0,887.9,930.0,912.0526315789474,954.0,17.041420128616057,17.0078196126911
906.0,936.0,893.8888888888889,924.0,918.0,948.0625,17.049311198569825,17.014814317235437
912.0,930.0,900.0,917.98,923.0,943.3333333333333,16.984710771749974,17.28518954995217
918.0,925.0,907.0,911.952380952381,930.0,937.047619047619,17.06576581380956,17.00426783829733
924.0,920.0,913.0,906.6666666666667,936.0,932.0263157894738,17.28518954995217,16.98918101228384
929.0,914.0,914.6666666666666,905.0,943.0769230769231,924.0,16.924669699714837,17.267303301720567
932.0,908.0,917.9824561403509,900.0,948.0263157894736,916.0,16.13975017951598,17.912085243877446
934.0,902.0,918.9090909090909,898.0,951.0333333333333,908.0,15.612031808514983,18.05919279603724
937.0,896.0,920.9772727272727,890.0,953.0238095238095,901.0,17.10928956024176,16.78578183032678
939.0,890.0,921.9772727272727,886.0,955.04,893.0,17.486373088826973,16.31813714858405
941.0,884.0,924.8333333333334,877.0,956.0285714285715,890.0,17.617068743440548,16.182025805926607
943.0,878.0,927.952380952381,870.0,958.0153846153846,886.0,17.042031539762718,17.013576201020438
948.0,872.0,934.9782608695652,860.0,960.0,884.0070921985816,17.70778614003161,16.975578430947202
954.0,869.0,946.0,851.952380952381,961.0,883.0142857142857,18.831391748693015,15.665254676564732
960.0,868.0,957.0,848.9285714285713,961.0,883.0142857142857,19.305941773327344,15.047550482062011
966.0,868.0,969.0,849.952380952381,963.0,883.2,18.29526040503336,15.493224325491495
972.0,869.0,976.0,851.8571428571429,966.0,884.0344827586207,17.603339200856382,16.187515924911487
978.0,870.0,983.0,853.8571428571429,973.0,886.0344827586207,16.899462616742962,16.79597086614836
984.0,872.0,990.0,855.8888888888889,980.0,888.0416666666667,17.192088332560623,16.532848195167308
990.0,874.0,994.0,856.9807692307693,987.0,890.125,17.482969312343073,16.401695796471778
996.0,876.0,1000.0,858.875,990.0,891.0416666666667,17.585949647374747,16.194188343696432
1002.0,877.0,1007.0,860.9583333333333,997.0,893.125,16.802829209524415,16.88240578235223
1008.0,879.0,1014.0,862.9787234042553,1003.0,895.0208333333333,17.107931019189778,16.78294076419392
1014.0,881.0,1020.0,864.8571428571429,1010.0,897.0416666666667,17.221841850821093,16.532848195167308
1020.0,883.0,1024.0,865.98,1017.0,899.1428571428571,17.48371814002958,16.41925201507952
1026.0,885.0,1030.0,867.8888888888889,1020.0,900.0416666666667,17.572425087528167,16.194188343696432
1032.0,886.0,1037.0,869.9666666666667,1027.0,902.1428571428571,16.794873556468854,16.899462616742962
1038.0,888.0,1044.0,871.9830508474577,1033.0,904.0212765957447,17.103878512054706,16.783363898734837
1044.0,890.0,1050.0,873.8888888888889,1040.0,906.0434782608695,17.192088332560623,16.534605973744654
1050.0,892.0,1054.0,874.9772727272727,1047.0,908.0625,17.486373088826973,16.340254167239873
1056.0,893.0,1061.0,876.9811320754718,1050.0,909.0212765957447,16.781064614126194,17.107931019189778
1062.0,895.0,1067.0,878.6666666666667,1057.0,911.0238095238096,17.08150396709187,16.785781830326886
1068.0,897.0,1071.0,879.9583333333333,1064.0,913.0263157894738,17.30371066499265,16.517953801362196
1074.0,898.0,1078.0,881.9333333333334,1068.0,914.0714285714287,16.557106564184934,17.154906479679035
1080.0,900.0,1085.0,883.875,1075.0,916.04,16.88240578235223,16.80123804962
1086.0,902.0,1089.0,884.9666666666667,1082.0,918.0256410256411,17.29550359036832,16.517299121911893
1092.0,903.0,1096.0,886.9473684210527,1086.0,919.0666666666666,16.543487558837633,17.150445410477708
1098.0,905.0,1103.0,888.6666666666667,1093.0,921.0333333333333,17.08150396709187,16.794873556468854
1104.0,907.0,1107.0,889.9230769230769,1100.0,923.016393442623,17.338434236549404,16.50832695668754
1110.0,908.0,1115.0,891.9791666666667,1104.0,924.0238095238096,16.78294076419392,17.11030308484722
1116.0,910.0,1122.0,893.9473684210527,1112.0,926.0999999999999,17.13729793781434,16.58945448168797
1122.0,911.0,1126.0,894.9736842105262,1119.0,928.0294117647059,16.517953801362196,17.29164147939409
1128.0,913.0,1133.0,896.9230769230769,1123.0,929.0555555555557,16.83649178484943,16.816089444265398
1134.0,915.0,1137.0,897.9642857142858,1130.0,931.0217391304348,17.297848456512956,16.513513398538308
1140.0,916.0,1144.0,899.8571428571429,1134.0,932.037037037037,16.631050379777363,17.122691287507784
1146.0,918.0,1152.0,901.9736842105262,1141.0,934.0175438596491,17.112650226774804,16.77980069296958
1152.0,919.0,1156.0,902.9827586206898,1149.0,936.047619047619,16.509149626891386,17.309572935019034
1158.0,921.0,1163.0,904.9642857142858,1153.0,937.125,16.797146562826054,16.88240578235223
1164.0,923.0,1170.0,906.8571428571429,1160.0,939.0322580645161,17.221841850821093,16.523719274038804
1170.0,924.0,1174.0,907.95,1164.0,940.0666666666666,16.540934072778313,17.150445410477708
1176.0,926.0,1181.0,909.6666666666667,1171.0,942.0238095238096,17.08150396709187,16.785781830326886
1182.0,928.0,1185.0,910.9230769230769,1179.0,944.0999999999999,17.338434236549404,16.37711818361207
1188.0,929.0,1193.0,912.9787234042553,1182.0,945.0185185185185,16.783363898734837,17.105348155711983
1194.0,931.0,1200.0,914.9411764705883,1190.0,947.0555555555557,17.143098119907826,16.54632479427181
1200.0,932.0,1204.0,915.969696969697,1194.0,948.1666666666667,16.521822394740287,17.244161652893236
1206.0,934.0,1211.0,917.875,1201.0,950.0357142857142,16.88240578235223,16.797146562826054
1212.0,936.0,1215.0,918.952380952381,1208.0,952.0172413793102,17.309572935019034,16.509149626891386
1218.0,937.0,1223.0,920.9824561403509,1212.0,953.0263157894738,16.77980069296958,17.112650226774804
1224.0,939.0,1230.0,922.96,1220.0,955.125,17.125466417005956,16.613717976419366
1230.0,940.0,1234.0,923.9767441860465,1227.0,957.0322580645161,16.514984919139167,17.294444621793257
1236.0,942.0,1241.0,925.9285714285713,1231.0,958.0666666666666,16.831245239926062,16.826698362357835
1242.0,944.0,1245.0,926.9655172413793,1238.0,960.0227272727273,17.29663559348308,16.51447211557783
1248.0,945.0,1252.0,928.8333333333333,1242.0,961.0384615384614,16.654161975647817,17.124025476525862
1254.0,947.0,1260.0,930.9705882352941,1249.0,963.0175438596491,17.115549699688014,16.77980069296958
1260.0,948.0,1264.0,931.9807692307693,1257.0,965.0454545454545,16.51107974778961,17.30744119334674
1266.0,950.0,1271.0,933.952380952381,1261.0,966.1111111111111,16.80851204293543,16.869140500765507
1272.0,952.0,1275.0,934.9743589743589,1268.0,968.0294117647059,17.2879279363952,16.520957645442063
1278.0,953.0,1282.0,936.909090909091,1272.0,969.0555555555557,16.58063193523993,17.140036878534833
1284.0,955.0,1290.0,938.9767441860465,1279.0,971.0208333333333,17.109784536322895,16.78294076419392
1290.0,956.0,1294.0,939.983870967742,1287.0,973.0666666666666,16.50807042564149,17.328332611971327
1296.0,958.0,1301.0,941.9655172413793,1291.0,974.25,16.79597086614836,17.001838135919304
1302.0,960.0,1308.0,943.8333333333333,1298.0,976.04,17.244161652893236,16.53123104913844
1308.0,961.0,1312.0,944.9444444444443,1302.0,977.0833333333334,16.54632479427181,17.166059859825502
1314.0,963.0,1320.0,946.9811320754718,1309.0,979.0263157894736,17.105675361805456,16.788174343386245
1320.0,965.0,1323.0,947.8888888888889,1317.0,981.1111111111111,17.37210762851731,16.388041409349903
1326.0,966.0,1331.0,949.9772727272727,1320.0,982.0192307692307,16.78474870995088,17.106015153678197
1332.0,968.0,1338.0,951.9473684210527,1328.0,984.0833333333334,17.13729793781434,16.57328003477623
1338.0,969.0,1342.0,952.9749999999999,1335.0,986.03125,16.51667717793149,17.293451840581163
1344.0,971.0,1349.0,954.9375,1339.0,987.0769230769231,16.82271994209022,16.83649178484943
1350.0,973.0,1353.0,955.9722222222222,1346.0,989.030303030303,17.290032274388167,16.521822394740287
1356.0,974.0,1360.0,957.9285714285713,1350.0,990.0714285714286,16.561727455991228,17.154906479678928
1362.0,976.0,1367.0,959.9000000000001,1357.0,992.03125,16.85852899869965,16.792884700446795
1368.0,978.0,1374.0,961.875,1364.0,994.0285714285715,17.205104620431694,16.520142312971085
1374.0,980.0,1378.0,962.969696969697,1368.0,995.1111111111111,17.493748063349592,16.25871086563584
1380.0,981.0,1385.0,964.9655172413793,1375.0,997.0909090909091,16.79597086614836,16.84984733972097
1386.0,983.0,1392.0,966.9615384615386,1382.0,999.0833333333334,17.124025476525862,16.57328003477623
1392.0,985.0,1396.0,967.9833333333333,1389.0,1001.0714285714286,17.480473232851676,16.349031051610677
1398.0,986.0,1403.0,969.9821428571429,1392.0,1002.0208333333334,16.780099744905527,17.10751591244169
1404.0,988.0,1410.0,971.9811320754718,1399.0,1004.0196078431372,17.105675361805456,16.78177092704772
1410.0,990.0,1413.0,972.9411764705883,1406.0,1006.0185185185185,17.320607962990522,16.51038871523379
1416.0,991.0,1420.0,974.9285714285713,1410.0,1007.047619047619,16.561727455991228,17.132602753157656
1422.0,993.0,1427.0,976.9166666666666,1417.0,1009.0416666666666,16.842612953788148,16.802829209524305
1428.0,995.0,1434.0,978.9,1424.0,1011.0370370370371,17.181676286090386,16.52835614715809
1434.0,997.0,1438.0,979.972972972973,1431.0,1013.0333333333333,17.490558864116007,16.31158415905018
1440.0,998.0,1445.0,981.969696969697,1435.0,1014.1666666666666,16.791980682556233,16.922207631131048
1446.0,1000.0,1452.0,983.9655172413793,1442.0,1016.1428571428571,17.120298985020806,16.631050379777363
1452.0,1002.0,1456.0,984.984375,1449.0,1018.1111111111111,17.479459206183268,16.388041409349903
1458.0,1003.0,1463.0,986.9833333333333,1452.0,1019.0263157894736,16.778963350311923,17.1126502267747
1464.0,1005.0,1470.0,988.9821428571429,1459.0,1021.025641025641,17.104728803724967,16.787530201989444
1470.0,1007.0,1473.0,989.9473684210526,1466.0,1023.025,17.314509631153694,16.51667717793138
1476.0,1009.0,1480.0,991.95,1470.0,1024.090909090909,17.512923799297432,16.239936489718183
1482.0,1010.0,1487.0,993.9642857142857,1477.0,1026.090909090909,16.797146562826164,16.84984733972086
1488.0,1012.0,1494.0,995.974358974359,1483.0,1028.0166666666667,17.112018299508325,16.778963350311923
1494.0,1014.0,1500.0,997.8333333333334,1490.0,1030.0263157894738,17.24416165289313,16.517953801362196
1500.0,1016.0,1504.0,998.9814814814815,1496.0,1032.016129032258,17.482275954953813,16.50807042564149
1506.0,1018.0,1510.0,1000.9565217391304,1500.0,1033.142857142857,17.506574514414158,16.288220358559084
1512.0,1020.0,1519.0,1003.9473684210526,1506.0,1035.1,17.512480709751525,16.248384535085243
1518.0,1022.0,1525.0,1005.9761904761905,1512.0,1037.25,17.486065070659226,16.387876616572385
1524.0,1024.0,1530.0,1007.8888888888889,1520.0,1040.0714285714284,17.192088332560623,16.56172745599101
1530.0,1026.0,1538.0,1010.9411764705883,1525.0,1042.05,17.0519255830526,16.81078522853702
1536.0,1029.0,1543.0,1012.9565217391304,1530.0,1044.0625,17.504090799210225,16.213540830120976
1542.0,1031.0,1550.0,1015.96,1537.0,1047.0714285714284,17.03530451738386,16.831245239925845
1548.0,1034.0,1555.0,1017.987012987013,1541.0,1049.027027027027,17.476148119024664,16.57744073344865
1554.0,1037.0,1561.0,1020.9818181818182,1547.0,1052.0196078431372,17.480908121728973,16.570715728707363
1560.0,1040.0,1570.0,1025.75,1553.0,1055.0434782608695,17.408690358553685,16.592354811335653
1566.0,1043.0,1574.0,1027.9736842105262,1558.0,1058.017857142857,17.023224318706145,17.015758377552977
1572.0,1047.0,1582.0,1032.857142857143,1563.0,1061.025,17.321097198597563,16.664351922592207
1578.0,1051.0,1588.0,1036.888888888889,1568.0,1064.25,17.295185942629317,16.60007530103403
1584.0,1055.0,1595.0,1041.8,1575.0,1069.142857142857,17.182549286994675,16.763663327663927
1590.0,1059.0,1598.0,1043.9411764705883,1579.0,1072.0416666666665,17.0519255830526,17.061215356604595
1596.0,1064.0,1605.0,1048.9166666666665,1586.0,1077.037037037037,17.564365756965124,16.430591428949636
1602.0,1068.0,1612.0,1053.9473684210525,1593.0,1082.111111111111,17.247505741226263,16.736889101327126
1608.0,1073.0,1617.0,1057.9,1596.0,1085.0135135135135,17.578680269007606,16.980120934179844
1614.0,1079.0,1627.0714285714287,1068.0,1601.9655172413793,1091.0,17.083976261338044,16.99496323230912
1619.0,1085.0,1634.111111111111,1076.0,1606.9868421052631,1097.0,17.58822557884521,16.979869334122657
1624.0,1091.0,1639.0625,1082.0,1610.8,1101.0,17.54647845722896,16.560193235587597
1629.0,1097.0,1642.047619047619,1086.0,1613.9444444444443,1105.0,17.06576581380956,17.04903965290781
1633.0,1103.0,1648.0416666666667,1095.0,1617.9655172413793,1111.0,17.036775989344736,17.030433694397306
1637.0,1109.0,1651.125,1100.0,1621.8333333333333,1117.0,16.74860068781867,17.14723819679951
1641.0,1115.0,1655.0294117647059,1106.0,1626.9333333333334,1125.0,16.668065108574154,17.25894293145178
1644.0,1121.0,1658.1,1111.0,1629.9767441860465,1130.0,17.286121600868064,16.662884012786627
1648.0,1127.0,1662.0294117647059,1117.0,1633.9333333333334,1136.0,17.228592352936648,16.699434454828385
1652.0,1133.0,1667.05,1125.0,1636.9767441860465,1141.0,17.04413388823259,17.0205233542182
1656.0,1139.0,1670.3333333333333,1130.0,1640.9333333333334,1147.0,16.92466969971474,17.058852377708256
1660.0,1145.0,1674.05,1136.0,1645.9642857142858,1155.0,16.685397807664003,17.233724945878713
1663.0,1151.0,1677.3333333333333,1141.0,1649.8333333333333,1161.0,17.476968971891043,16.533635749922432
1667.0,1157.0,1681.05,1147.0,1652.9642857142858,1166.0,17.24536169525008,16.673370250498316
1671.0,1163.0,1686.111111111111,1155.0,1656.8333333333333,1172.0,17.09811916593006,16.78375537370724
1675.0,1169.0,1690.030303030303,1161.0,1659.9642857142858,1177.0,17.026743939542158,17.03152089748977
1679.0,1175.0,1693.111111111111,1166.0,1663.857142857143,1183.0,16.736889101327126,17.12618236645221
1683.0,1181.0,1697.030303030303,1172.0,1668.9375,1191.0,16.66881528849995,17.255547115348154
1686.0,1187.0,1700.111111111111,1177.0,1671.9772727272727,1196.0,17.295185942629317,16.662439202148306
1690.0,1193.0,1704.030303030303,1183.0,1675.9375,1202.0,17.229318127022022,16.695924839612807
1694.0,1199.0,1709.0526315789473,1191.0,1678.9772727272727,1207.0,17.046457621791134,17.02005683629591
1698.0,1205.0,1713.02,1197.0,1682.9375,1213.0,17.017649661454413,17.05517241923986
1702.0,1211.0,1716.0526315789473,1202.0,1687.9642857142858,1221.0,16.68761379867195,17.233724945878713
1705.0,1217.0,1720.0204081632653,1208.0,1691.857142857143,1227.0,17.510358688247564,16.514681161849605
1709.0,1223.0,1723.0526315789473,1213.0,1694.9642857142858,1232.0,17.247505741226078,16.673370250498316
1713.0,1229.0,1728.111111111111,1221.0,1698.857142857143,1238.0,17.09811916593006,16.763663327663927
1717.0,1235.0,1732.03125,1227.0,1701.9642857142858,1243.0,17.027579879786206,17.03152089748977
1721.0,1241.0,1735.111111111111,1232.0,1705.857142857143,1249.0,16.736889101327126,17.12618236645221
1725.0,1247.0,1739.03125,1238.0,1710.9375,1257.0,16.669612369893308,17.255547115348154
1728.0,1253.0,1742.111111111111,1243.0,1713.9777777777779,1262.0,17.295185942629317,16.662014165441704
1732.0,1259.0,1746.03125,1249.0,1717.9411764705883,1268.0,17.230089279005494,16.69282837122398
1736.0,1265.0,1751.0526315789473,1257.0,1720.9777777777779,1273.0,17.046457621791134,17.019611055891502
1740.0,1271.0,1755.0208333333333,1263.0,1724.9411764705883,1279.0,17.018385176854338,17.0519255830526
1744.0,1277.0,1758.0526315789473,1268.0,1729.9655172413793,1287.0,16.68761379867195,17.232721964391512
1747.0,1283.0,1762.0208333333333,1274.0,1733.857142857143,1293.0,17.510723401041304,16.514681161849605
1751.0,1289.0,1765.0526315789473,1279.0,1736.9655172413793,1298.0,17.247505741226078,16.672333558983926
1755.0,1295.0,1770.111111111111,1287.0,1740.857142857143,1304.0,17.09811916593006,16.763663327663927
1759.0,1301.0,1774.03125,1293.0,1743.9666666666667,1309.0,17.027579879786206,17.029418989240654
1763.0,1307.0,1777.111111111111,1298.0,1747.857142857143,1315.0,16.736889101327126,17.12618236645221
1767.0,1313.0,1781.032258064516,1304.0,1752.9411764705883,1323.0,16.670460893124016,17.252551087625864
1770.0,1319.0,1784.111111111111,1309.0,1755.9777777777779,1328.0,17.295185942629317,16.662014165441704
1774.0,1325.0,1788.032258064516,1315.0,1759.9411764705883,1334.0,17.23091020199389,16.69282837122398
1778.0,1331.0,1793.0555555555557,1323.0,1762.9782608695652,1339.0,17.04903965290781,17.019184660342418
1782.0,1337.0,1797.0212765957447,1329.0,1766.9444444444443,1345.0,17.018776412123948,17.04903965290781
1786.0,1343.0,1800.0588235294117,1334.0,1771.967741935484,1353.0,16.69282837122398,17.23091020199389
1790.0,1349.0,1804.0217391304348,1340.0,1775.875,1359.0,16.661607612771498,17.306519725236498
1793.0,1355.0,1807.0588235294117,1345.0,1778.96875,1364.0,17.252551087625864,16.669612369893308
1797.0,1361.0,1812.142857142857,1353.0,1782.888888888889,1370.0,17.12618236645221,16.736889101327126
1801.0,1367.0,1816.0344827586207,1359.0,1785.96875,1375.0,17.030433694397306,17.027579879786206
1805.0,1373.0,1819.142857142857,1364.0,1789.888888888889,1381.0,16.763663327663927,17.09811916593006
1809.0,1379.0,1823.0357142857142,1370.0,1794.95,1389.0,16.673370250498316,17.24536169525008
1812.0,1385.0,1826.142857142857,1375.0,1796.888888888889,1392.0,17.321097198597563,16.653698658626706
1816.0,1391.0,1830.037037037037,1381.0,1801.95,1400.0,17.23480225529574,16.685397807664003
1820.0,1397.0,1835.0666666666666,1389.0,1805.6666666666667,1406.0,17.058852377708256,16.92466969971474
1824.0,1403.0,1839.0232558139535,1395.0,1808.95,1411.0,17.0205233542182,17.04413388823259
1828.0,1409.0,1842.0666666666666,1400.0,1813.9705882352941,1419.0,16.699434454828385,17.228592352936648
1832.0,1415.0,1846.0238095238096,1406.0,1817.9,1425.0,16.66335001012983,17.286121600868064
1835.0,1421.0,1849.0666666666666,1411.0,1820.9714285714285,1430.0,17.25894293145178,16.66735780879896
1839.0,1427.0,1854.2,1419.0,1824.909090909091,1436.0,17.17672844286715,16.71986001760368
1843.0,1433.0,1858.0454545454545,1425.0,1827.9736842105262,1441.0,17.040120377489636,17.023224318706145
1847.0,1439.0,1861.3333333333333,1430.0,1831.9285714285713,1447.0,16.92466969971474,17.06305831859214
1851.0,1445.0,1865.0555555555557,1436.0,1836.9655172413793,1455.0,16.69007615247191,17.232721964391512
1855.0,1451.0,1869.0227272727273,1442.0,1840.888888888889,1461.0,16.662439202148306,17.295185942629317
1858.0,1457.0,1872.0666666666666,1447.0,1843.9714285714285,1466.0,17.25894293145178,16.66735780879896
1862.0,1463.0,1877.25,1455.0,1847.9166666666667,1472.0,17.220990099294525,16.71347593344292
1866.0,1469.0,1881.047619047619,1461.0,1850.975,1477.0,17.042031539762718,17.022062889086115
1870.0,1475.0,1885.0192307692307,1467.0,1854.9333333333334,1483.0,17.016970732166367,17.058852377708256
1873.0,1481.0,1888.0243902439024,1472.0,1859.909090909091,1491.0,17.513774641723302,16.47336944363369
1876.0,1487.0,1892.0333333333333,1479.0,1861.985294117647,1495.0,17.918364260662212,16.137285427507866
1877.0,1493.0,1896.1,1491.0,1862.9761904761904,1497.0,19.20442657305853,14.583114672802026
1878.0,1499.0,1897.03125,1499.0,1862.9924812030076,1499.0,19.03125,15.007518796992372
1877.0,1505.0,1896.0384615384614,1511.0,1862.9473684210527,1501.0,19.96153846153836,14.610833456501599
1876.0,1511.0,1889.0625,1524.0,1862.9473684210527,1501.0,18.429023475214308,16.442967832351066
1871.0,1516.0,1878.0,1532.1,1862.0,1501.9473684210527,17.55591068557815,16.68761379867195
1865.0,1519.0,1871.0,1535.0294117647059,1858.0,1503.909090909091,17.115549699688014,16.63537006471693
1859.0,1522.0,1866.0,1537.037037037037,1853.0,1505.923076923077,16.586515090675952,17.160054068134585
1853.0,1524.0,1859.0,1540.0416666666667,1846.0,1508.9166666666667,17.127027455003596,16.628497961164207
1847.0,1527.0,1852.0,1543.0526315789473,1839.0,1511.9333333333334,16.81329773154022,17.058852377708256
1841.0,1529.0,1848.0,1545.0125,1834.0,1513.9756097560976,17.475701881469636,16.57505059422354
1835.0,1532.0,1840.0,1548.25,1827.0,1516.974358974359,17.001838135919304,17.02262871096674
1829.0,1535.0,1836.0,1550.0185185185185,1822.0,1518.9864864864865,16.56972837710632,17.47663054045261
1823.0,1537.0,1831.0,1552.037037037037,1818.0,1520.923076923077,17.032688656029062,16.83649178484943
1817.0,1540.0,1824.0,1555.0333333333333,1811.0,1523.9,16.58315745300364,17.18167628609028
1811.0,1542.0,1819.0,1557.111111111111,1804.0,1526.857142857143,17.09811916593006,16.68250947696355
1805.0,1545.0,1812.0,1560.1,1799.0,1528.9583333333333,16.64361739526589,17.127027455003596
1799.0,1547.0,1805.0,1563.1,1792.0,1531.95,17.18167628609028,16.598267981931084
1793.0,1550.0,1798.0,1566.076923076923,1785.0,1534.9411764705883,16.83649178484943,17.0519255830526
1787.0,1553.0,1791.0,1569.05,1780.0,1536.975,16.540934072778313,17.487156000905433
1781.0,1555.0,1786.0,1571.1666666666667,1773.0,1539.9714285714285,16.922207631131158,17.025215393165357
1775.0,1558.0,1782.0,1573.017857142857,1768.0,1541.986301369863,16.569128919869758,17.476800159550148
1769.0,1560.0,1777.0,1575.0588235294117,1762.0,1544.75,17.0519255830526,16.779824194549835
1763.0,1562.0,1770.0,1578.125,1757.0,1546.9666666666667,17.57884026322556,16.186448378539072
1757.0,1563.0,1763.0,1581.04,1755.0,1547.9,19.0116175008861,15.231874474272603
1751.0,1564.0,1749.0,1583.05,1751.0,1547.9925925925927,19.154699162346514,16.0074074074073
1745.0,1562.0,1738.0,1580.142857142857,1751.0,1547.9925925925927,19.44642037255498,15.238354972800998
1739.0,1560.0,1725.9818181818182,1572.0,1751.0,1547.9925925925927,17.705170370579303,16.975801384543225
1734.0,1555.0,1719.909090909091,1564.0,1748.0294117647059,1545.0,16.71986001760368,17.228592352936648
1730.0,1549.0,1714.909090909091,1556.0,1744.125,1539.0,16.63537006471693,17.306519725236498
1727.0,1543.0,1711.857142857143,1551.0,1741.0714285714287,1534.0,17.12618236645221,16.7034458133889
1723.0,1537.0,1708.75,1546.0,1738.0555555555557,1529.0,16.854153790683174,17.04903965290781
1719.0,1531.0,1703.9444444444443,1538.0,1733.25,1521.0,16.603305486752415,17.408690358553685
1716.0,1525.0,1700.9285714285713,1533.0,1730.142857142857,1516.0,17.06305831859214,16.763663327663927
1712.0,1519.0,1697.9,1528.0,1727.1,1511.0,16.727522231340703,17.088300090997855
1708.0,1513.0,1694.857142857143,1523.0,1723.0212765957447,1504.0,16.514681161849605,17.51110363643213
1705.0,1507.0,1689.9565217391305,1515.0,1720.0185185185185,1499.0,17.03837545616522,17.016342100788947
1701.0,1501.0,1686.9444444444443,1510.0,1716.25,1493.0,16.69007615247191,17.220990099294525
1697.0,1495.0,1683.9285714285713,1505.0,1712.0294117647059,1486.0,16.45789308805844,17.51808260036123
1694.0,1489.0,1678.9705882352941,1497.0,1709.0243902439024,1481.0,17.02595718287459,17.021524673220966
1690.0,1483.0,1675.9642857142858,1492.0,1704.0526315789473,1473.0,16.673370250498316,17.247505741226078
1687.0,1477.0,1672.9545454545455,1487.0,1701.04,1468.0,17.241658661173773,16.676978143536644
1683.0,1471.0,1667.9666666666667,1479.0,1698.025,1463.0,17.029418989240654,17.022062889086115
1679.0,1465.0,1664.9411764705883,1474.0,1694.25,1457.0,16.69282837122398,17.220990099294525
1675.0,1459.0,1661.875,1469.0,1690.0212765957447,1450.0,16.500473478055106,17.51110363643213
1672.0,1453.0,1656.923076923077,1461.0,1686.1666666666667,1444.0,17.067911690287602,16.78375537370724
1668.0,1447.0,1652.9795918367347,1455.0,1683.0555555555557,1439.0,17.018009912768502,17.04903965290781
1664.0,1441.0,1649.9565217391305,1450.0,1678.0416666666667,1431.0,16.67990652442376,17.23857310735955
1660.0,1435.0,1646.8333333333333,1445.0,1675.0196078431372,1426.0,16.533635749922432,17.509672177446088
1657.0,1429.0,1642.969696969697,1439.0,1671.0625,1420.0,17.229318127022022,16.695924839612807
1653.0,1423.0,1637.9615384615386,1431.0,1668.0263157894738,1415.0,17.033946267491388,17.023224318706145
1649.0,1417.0,1634.875,1426.0,1664.111111111111,1409.0,16.74860068781867,17.09811916593006
1645.0,1411.0,1630.9722222222222,1420.0,1659.0714285714287,1401.0,16.666689814798783,17.262824277644118
1642.0,1405.0,1627.9285714285713,1415.0,1656.0285714285715,1396.0,17.262824277644118,16.66735780879896
1638.0,1399.0,1622.9,1407.0,1652.142857142857,1390.0,17.088300090997855,16.763663327663927
1634.0,1393.0,1618.974358974359,1401.0,1649.04,1385.0,17.02262871096674,17.03530451738386
1630.0,1387.0,1615.9375,1396.0,1644.03125,1377.0,16.695924839612807,17.230089279005494
1626.0,1381.0,1610.909090909091,1388.0,1640.1666666666667,1371.0,16.63537006471693,17.340543372237406
1623.0,1375.0,1608.96,1385.0,1637.0434782608695,1366.0,17.23721555240286,16.67990652442376
1619.0,1369.0,1603.9473684210527,1377.0,1634.0208333333333,1361.0,17.046457621791134,17.018385176854338
1615.0,1363.0,1600.8,1372.0,1630.076923076923,1355.0,16.811900546934048,17.067911690287602
1611.0,1357.0,1596.969696969697,1366.0,1625.0666666666666,1347.0,16.66881528849995,17.25894293145178
1608.0,1351.0,1593.9285714285713,1361.0,1622.0285714285715,1342.0,17.262824277644118,16.66735780879896
1604.0,1345.0,1588.9166666666667,1353.0,1618.1666666666667,1336.0,17.073574448381983,16.78375537370724
1600.0,1339.0,1584.9791666666667,1347.0,1615.05,1331.0,17.018385176854338,17.04413388823259
1596.0,1333.0,1581.9583333333333,1342.0,1610.0434782608695,1323.0,16.678381299687924,17.2400487720747
1592.0,1327.0,1578.875,1337.0,1607.0217391304348,1318.0,16.500473478055106,17.51150040695641
1589.0,1321.0,1574.969696969697,1331.0,1603.0625,1312.0,17.229318127022022,16.695924839612807
1585.0,1315.0,1569.923076923077,1323.0,1599.3333333333333,1306.0,17.067911690287602,16.92466969971474
1581.0,1309.0,1565.96875,1317.0,1596.04,1301.0,17.027579879786206,17.03530451738386
1577.0,1303.0,1562.8333333333333,1312.0,1592.111111111111,1295.0,16.78375537370724,17.09811916593006
1573.0,1297.0,1558.95,1306.0,1587.0384615384614,1287.0,16.685397807664003,17.235962472889668
1569.0,1291.0,1555.8,1301.0,1584.0188679245282,1282.0,16.560193235587597,17.509037487378393
1567.0,1285.0,1550.95,1292.0,1582.1666666666667,1279.0,17.510068532133122,16.310357990485066
1565.0,1279.0,1547.9166666666667,1284.0,1580.032258064516,1274.0,17.800007802744783,15.841994272130302
1564.0,1273.0,1545.9642857142858,1276.0,1579.047619047619,1270.0,18.283516888058383,15.34375570068382
1564.0,1267.0,1545.8333333333333,1262.0,1579.0222222222221,1268.0,18.842180812681438,15.05546945444825
1565.0,1261.0,1547.9655172413793,1254.0,1579.090909090909,1267.0,18.416666442484804,15.315146718469991
1567.0,1255.0,1551.9795918367347,1246.0,1580.111111111111,1265.0,17.510358688247564,16.48942796363478
1572.0,1249.0,1560.0,1236.9473684210525,1584.0,1261.0666666666666,17.007819612691183,17.017768491915824
1578.0,1244.0,1569.0,1229.952380952381,1588.0,1258.0384615384614,16.683392967470052,17.235962472889668
1584.0,1241.0,1574.0,1226.8,1591.0,1256.05,17.36778627229162,16.598267981931084
1590.0,1237.0,1582.0,1221.9830508474577,1598.0,1252.0333333333333,17.01495700406093,17.029418989240654
1596.0,1234.0,1586.0,1219.75,1603.0,1249.0526315789475,17.408690358553685,16.600654127218238
1602.0,1230.0,1594.0,1214.9411764705883,1611.0,1244.142857142857,17.0519255830526,16.763663327663927
1608.0,1226.0,1599.0,1211.9583333333335,1618.0,1240.0526315789475,16.678381299687732,17.247505741226263
1614.0,1222.0,1602.0,1209.9166666666665,1626.0,1234.05,17.029590260615436,17.005954839408428
1618.0,1216.0,1603.909090909091,1208.0,1632.032258064516,1227.0,16.20350946579975,17.829870060916797
1619.0,1210.0,1604.9807692307693,1206.0,1637.05,1217.0,14.578711580964391,19.35981663136297
1620.0,1204.0,1604.9883720930231,1204.0,1639.0714285714287,1206.0,15.011627906976855,19.176010736206468
1619.0,1198.0,1604.9883720930231,1204.0,1636.0714285714287,1190.0,15.24223463287364,18.852948667765236
1617.0,1192.0,1603.975,1202.0,1632.0833333333333,1183.0,16.421042141106707,17.56436575696493
1614.0,1186.0,1599.9722222222222,1196.0,1628.076923076923,1177.0,17.227261807458476,16.708074793751972
1610.0,1180.0,1594.8,1188.0,1624.1,1171.0,17.17672844286715,16.727522231340703
1606.0,1174.0,1590.9473684210527,1182.0,1621.0263157894738,1166.0,17.046457621791134,17.023224318706145
1602.0,1168.0,1586.969696969697,1176.0,1617.0625,1160.0,17.026743939542158,17.05517241923986
1598.0,1162.0,1583.6666666666667,1171.0,1613.1666666666667,1154.0,16.92466969971474,17.14723819679951
1594.0,1156.0,1579.875,1165.0,1608.0294117647059,1146.0,16.74860068781867,17.228592352936648
1590.0,1150.0,1575.9333333333334,1159.0,1604.047619047619,1140.0,16.699434454828385,17.24342196047609
1586.0,1144.0,1571.9583333333333,1153.0,1600.125,1134.0,16.678381299687924,17.306519725236498
1582.0,1138.0,1567.9767441860465,1147.0,1597.027027027027,1129.0,16.662884012786627,17.516036688446462
1579.0,1132.0,1564.9285714285713,1142.0,1593.0555555555557,1123.0,17.262824277644118,16.69007615247191
1575.0,1126.0,1559.8,1134.0,1589.1666666666667,1117.0,17.17672844286715,16.78375537370724
1571.0,1120.0,1555.95,1128.0,1586.0294117647059,1112.0,17.04413388823259,17.02595718287459
1567.0,1114.0,1551.969696969697,1122.0,1582.0588235294117,1106.0,17.026743939542158,17.0519255830526
1563.0,1108.0,1549.9444444444443,1119.0,1578.0434782608695,1100.0,17.07183443172409,17.03837545616522
1558.0,1102.0,1544.888888888889,1112.0,1573.047619047619,1093.0,16.48942796363478,17.533705797756138
1553.0,1096.0,1539.8,1106.0,1566.0149253731342,1084.0,16.560193235587597,17.702776123203208
1548.0,1090.0,1535.9583333333333,1102.0,1560.0,1077.8,17.00005106201487,17.112568480505814
1542.0,1084.0,1530.0,1096.1666666666665,1554.0,1071.962962962963,17.08882025705034,16.996772065042215
1536.0,1079.0,1524.0,1091.0217391304348,1547.0,1065.8,16.985941590628002,17.182549286994675
1530.0,1075.0,1520.0,1088.1,1539.0,1059.9782608695652,16.480594649465704,17.51150040695641
1524.0,1072.0,1516.0,1086.0333333333333,1532.0,1055.9878048780488,16.153465400478115,17.89945229953805
1518.0,1069.0,1512.0,1084.1666666666665,1525.0,1052.974358974359,16.310357990484857,17.487743430263134
1512.0,1067.0,1506.0,1082.014705882353,1517.0,1049.96875,16.169149412803495,17.7500275087815
1506.0,1065.0,1500.0,1080.0285714285715,1511.0,1047.9833333333333,16.182025805926607,17.736035195173805
1500.0,1063.0,1496.0,1079.0243902439024,1503.0,1045.982456140351,16.516085574035845,17.279953675142785
1494.0,1062.0,1492.0,1078.0833333333335,1498.0,1044.967741935484,16.20720861564742,17.49565131043351
1488.0,1061.0,1487.0,1077.0344827586207,1493.0,1043.9333333333334,16.06563529202952,17.784012795516908
1482.0,1059.0,1477.0,1075.0227272727273,1484.0,1041.9807692307693,16.78474870995088,17.13634196601858
1476.0,1059.0,1472.0,1074.0277777777778,1478.0,1040.923076923077,15.551016202752576,18.187224855073264
1470.0,1058.0,1470.0,1074.01,1470.0,1039.9803921568628,16.00999999999999,18.019607843137237
1464.0,1059.0,1464.0,1074.037037037037,1464.0,1039.987341772152,15.037037037036953,19.01265822784808
1458.0,1060.0,1464.0,1074.037037037037,1454.0,1041.875,15.26559559202153,18.56113210448113
1452.0,1062.0,1462.0,1075.2,1443.0,1046.974358974359,16.560193235587597,17.514847650819835
1446.0,1067.0,1458.0,1079.0227272727273,1436.0,1052.8,16.98664095912961,17.36778627229162
1440.0,1073.0,1452.0714285714287,1085.0,1427.9375,1061.0,17.02114531267225,17.014814317235437
1436.0,1079.0,1451.0119047619048,1087.0,1420.95,1071.0,17.01050512420194,17.04413388823259
1434.0,1085.0,1449.1,1091.0,1417.9565217391305,1078.0,16.248384535085243,17.504090799210122
1431.0,1091.0,1447.2,1097.0,1414.95,1087.0,17.275416058665606,16.540934072778313
1429.0,1097.0,1446.0151515151515,1101.0,1412.972972972973,1093.0,17.478998286044956,16.518643870640737
1427.0,1103.0,1444.0181818181818,1107.0,1410.96875,1099.0,17.48194818653498,16.522741193957497
1425.0,1109.0,1441.3333333333333,1115.0,1408.9444444444443,1105.0,17.40051084818418,16.54632479427181
1423.0,1115.0,1439.0666666666666,1121.0,1406.875,1111.0,17.150445410477708,16.613717976419366
1421.0,1121.0,1437.04,1127.0,1405.8,1114.0,17.125466417005956,16.7343957166072
1419.0,1127.0,1435.0588235294117,1133.0,1402.9375,1123.0,17.143098119907826,16.55306334942267
1417.0,1133.0,1434.0192307692307,1137.0,1400.9285714285713,1130.0,17.482969312343073,16.349031051610787
1415.0,1139.0,1432.125,1143.0,1399.9777777777779,1132.0,17.585949647374747,16.57308542468252
1413.0,1145.0,1429.25,1151.0,1399.9777777777779,1132.0,17.322312201320006,18.400496504304872
1407.0,1148.0,1421.0666666666666,1163.0,1399.0,1132.9777777777776,20.56383016636515,17.019611055891705
1401.0,1149.0,1398.0,1168.142857142857,1399.0,1132.9777777777776,19.376505866431014,16.14656635134157
1395.0,1148.0,1388.0,1165.090909090909,1398.0,1132.9545454545455,18.468870391924792,15.341632979553955
1389.0,1147.0,1382.0,1163.0384615384614,1395.0,1131.923076923077,17.4994928075275,16.2269408536377
1383.0,1146.0,1379.0,1162.0277777777778,1390.0,1129.9850746268658,16.51937227904949,17.477924210473596
1377.0,1144.0,1373.0,1160.0217391304348,1384.0,1127.982142857143,16.513513398538308,17.480610614305743
1371.0,1142.0,1367.0,1158.0238095238096,1374.0,1124.923076923077,16.515522142982107,17.338434236549404
1365.0,1140.0,1361.0,1156.1666666666665,1371.0,1123.96875,16.654161975647593,17.11727129429513
1359.0,1138.0,1353.0,1154.017857142857,1364.0,1121.9756097560976,17.104728803724967,16.78633619015403
1353.0,1137.0,1350.0,1153.076923076923,1356.0,1119.8,16.35443229284656,17.45966780898198
1347.0,1135.0,1342.0,1151.0181818181818,1353.0,1118.975,16.78040967200533,17.111417971635284
1341.0,1133.0,1335.0,1149.0294117647059,1345.0,1116.75,17.115549699688014,16.73506797117956
1335.0,1132.0,1332.0,1148.2,1338.0,1114.9,16.475436261295222,17.361163555476253
1329.0,1130.0,1324.0,1146.0192307692307,1335.0,1113.9777777777776,16.781410978754682,17.108816584973837
1323.0,1129.0,1321.0,1145.1666666666665,1327.0,1111.9705882352941,16.289908259751073,17.49288041038131
1317.0,1128.0,1315.0,1144.025641025641,1321.0,1110.9,16.149958832229615,17.5616058491243
1311.0,1126.0,1309.0,1143.076923076923,1315.0,1109.975,17.193641318090492,16.51667717793149
1305.0,1125.0,1303.0,1142.090909090909,1309.0,1108.9756097560976,17.20753246557205,16.516085574035845
1299.0,1125.0,1297.0,1141.111111111111,1303.0,1107.9761904761904,16.23477444359998,17.487426646106382
1293.0,1125.0,1290.0,1140.05,1296.0,1106.96,15.346090707408145,18.28774453014911
1287.0,1124.0,1287.0,1140.0116279069766,1287.0,1105.987012987013,16.011627906976628,18.01298701298697
1281.0,1124.0,1281.0,1140.007299270073,1281.0,1105.9772727272727,16.007299270072963,18.022727272727252
1275.0,1123.0,1275.0,1140.0083333333332,1275.0,1105.982142857143,17.008333333333212,17.01785714285711
1269.0,1123.0,1269.0,1140.009708737864,1269.0,1105.9859154929577,17.009708737864003,17.0140845070423
1263.0,1123.0,1263.0,1140.0116279069766,1263.0,1105.988888888889,17.011627906976628,17.01111111111095
1257.0,1124.0,1257.0,1140.0181818181818,1257.0,1105.9914529914531,16.0181818181818,18.008547008546884
1251.0,1124.0,1252.0,1140.111111111111,1251.0,1105.9942196531792,16.142115760784492,18.005780346820757
1245.0,1125.0,1245.0,1141.0077519379845,1244.0,1106.9655172413793,16.007751937984494,18.06218614595108
1239.0,1125.0,1241.0,1141.142857142857,1236.0,1107.875,16.2662791299883,17.385788017803506
1233.0,1126.0,1235.0,1142.0232558139535,1229.0,1108.8333333333335,16.147591983927327,17.626526726625393
1227.0,1126.0,1229.0,1143.025641025641,1223.0,1109.9166666666665,17.14270843052502,16.57328003477634
1221.0,1128.0,1223.0,1144.04,1217.0,1110.9583333333335,16.16420737308201,17.504810846672196
1215.0,1128.0,1217.0,1145.076923076923,1211.0,1111.972972972973,17.193641318090492,16.518643870640737
1209.0,1129.0,1211.0,1146.0833333333335,1205.0,1112.975,17.200008074933656,16.51667717793149
1203.0,1130.0,1205.0,1147.05,1199.0,1113.9615384615386,17.166901292894956,16.529738307689772
1197.0,1131.0,1198.0,1148.0416666666665,1192.0,1114.9473684210525,17.07098130681926,16.81329773154044
1191.0,1132.0,1191.0,1149.0357142857142,1191.0,1114.9814814814815,17.03571428571422,17.018518518518476
1185.0,1133.0,1185.0,1150.0140845070423,1184.0,1115.9787234042553,17.0140845070423,17.050626291982507
1179.0,1134.0,1183.0,1150.25,1177.0,1116.9761904761904,16.73506797117956,17.14088943733526
1173.0,1135.0,1177.0,1151.030303030303,1171.0,1117.9411764705883,16.521822394740287,17.175664767560253
1167.0,1136.0,1171.0,1152.027027027027,1165.0,1118.9473684210525,16.518643870640737,17.16951495434038
1161.0,1138.0,1166.0,1153.0227272727273,1159.0,1119.9756097560976,15.832950916071937,18.13501154299287
1155.0,1139.0,1157.0,1155.03125,1150.0,1121.9795918367347,16.155524645225857,17.739624969095264
1149.0,1140.0,1153.0,1156.125,1143.0,1123.962962962963,16.613717976419366,17.122691287507784
1143.0,1142.0,1147.0,1158.0454545454545,1137.0,1125.888888888889,16.536523563622634,17.192088332560623
1137.0,1144.0,1141.0,1160.090909090909,1131.0,1127.923076923077,16.58063193523993,17.160054068134585
1131.0,1146.0,1136.0,1162.0222222222224,1125.0,1129.9795918367347,16.784266589228015,17.107117750153517
1125.0,1148.0,1133.0,1163.076923076923,1120.0,1131.95,17.067911690287602,16.81078522853702
1119.0,1151.0,1123.0,1167.0454545454545,1112.0,1134.984126984127,16.536523563622634,17.4787925343992
1113.0,1153.0,1118.0,1169.090909090909,1105.0,1137.9583333333335,16.84984733972086,17.036775989344537
1107.0,1156.0,1113.0,1171.3333333333335,1100.0,1139.9777777777776,16.465452046971432,17.484610517202714
1101.0,1158.0,1109.0,1173.025,1093.0,1142.9827586206898,17.022062889086115,17.01521491619978
1095.0,1161.0,1102.0,1176.047619047619,1089.0,1144.923076923077,16.59610915251726,17.160054068134585
1089.0,1164.0,1096.0,1179.0153846153846,1082.0,1147.9803921568628,16.566887913785408,17.482214832449124
1083.0,1167.0,1089.0,1182.25,1076.0,1150.962962962963,16.387876616572385,17.498187246892034
1077.0,1169.0,1085.0,1184.090909090909,1070.0,1153.888888888889,17.08026748005078,16.653698658626706
1071.0,1172.0,1079.0,1187.0344827586207,1063.0,1156.9878048780488,17.030433694397306,17.010761369778123
1065.0,1175.0,1073.0,1190.0185185185185,1057.0,1159.9803921568628,17.016342100788947,17.01730353968071
1059.0,1178.0,1066.0,1193.2,1051.0,1162.9444444444443,16.7343957166072,17.04903965290781
1053.0,1181.0,1060.0,1196.0227272727273,1047.0,1164.6666666666665,16.57354321534002,17.400510848184393
1047.0,1183.0,1055.0,1198.076923076923,1040.0,1167.8333333333335,17.067911690287602,16.704124573822273
1041.0,1186.0,1048.0,1201.0232558139535,1035.0,1169.8,16.574022301526178,17.275416058665606
1035.0,1188.0,1040.0,1204.025,1029.0,1171.9833333333333,16.78691826989108,17.10361397807816
1029.0,1190.0,1034.0,1206.0833333333335,1024.0,1173.9285714285716,16.842612953788258,16.831245239925845
1023.0,1192.0,1029.0,1208.0172413793102,1018.0,1175.9772727272727,17.104152168496633,16.78474870995088
1017.0,1194.0,1023.0,1210.04,1010.0,1178.9375,17.125466417005956,16.60960283239789
1011.0,1197.0,1015.0,1213.0294117647059,1004.0,1180.9811320754716,16.520957645442063,17.48153681984183
1005.0,1199.0,1012.0,1214.1,999.0,1182.972972972973,16.64361739526589,17.113316315812572
999.0,1201.0,1005.0,1217.027027027027,992.0,1185.9285714285716,17.113316315812572,16.617700177331084
993.0,1204.0,1000.0,1219.1,985.0,1188.9375,16.64361739526589,17.05517241923986
987.0,1206.0,993.0,1222.1666666666665,980.0,1190.9787234042553,17.244161652893023,16.57222829211167
981.0,1209.0,989.0,1224.0192307692307,973.0,1193.9803921568628,17.016970732166367,17.01730353968071
975.0,1212.0,982.0,1227.0217391304348,969.0,1195.75,16.57264754053602,17.322312201320006
969.0,1214.0,977.0,1229.0384615384614,964.0,1197.923076923077,17.033946267491388,16.83649178484943
963.0,1216.0,970.0,1232.013698630137,959.0,1199.9285714285716,17.476800159550148,16.56172745599101
957.0,1219.0,964.0,1234.0454545454545,951.0,1202.923076923077,16.59414663305521,17.160054068134585
951.0,1221.0,956.0,1237.0169491525423,945.0,1204.9666666666667,16.779233002587656,17.119222464170996
945.0,1223.0,950.0,1239.027027027027,939.0,1206.9814814814815,16.78885330584125,17.105348155711983
939.0,1225.0,944.0,1241.0526315789475,934.0,1208.8,16.81329773154044,16.954055562018237
933.0,1227.0,938.0,1243.2,928.0,1210.9444444444443,16.954055562018237,16.816089444265398
927.0,1229.0,933.0,1245.025,920.0,1213.9375,17.111417971635284,16.60960283239789
921.0,1232.0,925.0,1248.032258064516,914.0,1215.9864864864865,16.523719274038804,17.47663054045261
915.0,1234.0,922.0,1249.125,909.0,1217.9767441860465,16.666302079345616,17.109784536322895
909.0,1236.0,914.0,1252.25,904.0,1219.9473684210525,17.001838135919304,16.81329773154044
903.0,1238.0,909.0,1254.047619047619,896.0,1222.95,17.132602753157656,16.598267981931084
