# s_m; x_m; y_m; psi_rad; kappa_radpm; vx_mps; ax_mps2
0.0000000; -22.9634919; 11.5374740; -1.8709274; -0.0038689; 12.6785558; 9.4656192
0.3994463; -22.5821209; 11.4191429; -1.8723401; -0.0032056; 12.9733492; 9.7411739
0.7988925; -22.2007956; 11.3002971; -1.8733919; -0.0015581; 13.2698885; 10.0239732
1.1983388; -21.8193659; 11.1811656; -1.8734815; 0.0011055; 13.5682725; 9.7201654
1.5977851; -21.4380441; 11.0623813; -1.8715562; 0.0086857; 13.8514760; 6.3577812
1.9972313; -21.0561322; 10.9448660; -1.8665349; 0.0164761; 14.0336229; 2.0570611
2.3966776; -20.6736325; 10.8299218; -1.8583754; 0.0244062; 14.0920524; -8.6402473
2.7961239; -20.2897945; 10.7185486; -1.8477739; 0.0283706; 13.8449743; -9.3431385
3.1955702; -19.9049147; 10.6115853; -1.8357723; 0.0311573; 13.5727355; -9.2298174
3.5950164; -19.5189371; 10.5094607; -1.8230419; 0.0326248; 13.2983276; -9.3044945
3.9944627; -19.1312109; 10.4122612; -1.8097137; 0.0340599; 13.0158452; -9.2395855
4.3939090; -18.7425441; 10.3204297; -1.7958106; 0.0356389; 12.7291315; -9.1912968
4.7933552; -18.3527351; 10.2341680; -1.7812295; 0.0374067; 12.4373603; -9.1930770
5.1928015; -17.9613000; 10.1536680; -1.7658781; 0.0394372; 12.1385193; -9.0788909
5.5922478; -17.5689641; 10.0794044; -1.7497157; 0.0416197; 11.8359871; -8.9694062
5.9916940; -17.1754196; 10.0116675; -1.7326191; 0.0439853; 11.5293105; -8.9006741
6.3911403; -16.7807963; 9.9508674; -1.7145413; 0.0465196; 11.2166982; -8.7311432
6.7905866; -16.3851437; 9.8974101; -1.6954476; 0.0496074; 10.9013335; -8.5578586
7.1900328; -15.9880370; 9.8517566; -1.6748005; 0.0536598; 10.5831122; -8.4047453
7.5894791; -15.5911793; 9.8146222; -1.6534306; 0.0532135; 10.2609831; -8.1645303
7.9889254; -15.1938082; 9.7859252; -1.6322888; 0.0541624; 9.9380679; -7.9210505
8.3883717; -14.7934792; 9.7657028; -1.6101311; 0.0559063; 9.6144227; -7.6633971
8.7878179; -14.3964987; 9.7549655; -1.5840768; 0.0766596; 9.2905809; -7.3926207
9.1872642; -13.9951516; 9.7563843; -1.5491310; 0.0958458; 8.9671057; -7.1139245
9.5867105; -13.5957265; 9.7731178; -1.5076149; 0.1124942; 8.6444041; -6.9193753
9.9861567; -13.1962311; 9.8079469; -1.4588925; 0.1303012; 8.3185267; -6.6656531
10.3856030; -12.8013224; 9.8633010; -1.4026929; 0.1519278; 7.9920426; -6.1599541
10.7850493; -12.4072982; 9.9430118; -1.3385686; 0.1687011; 7.6779948; -5.8498003
11.1844955; -12.0209546; 10.0489274; -1.2665457; 0.1882731; 7.3673769; -5.5392480
11.5839418; -11.6483669; 10.1818517; -1.1883004; 0.2092720; 7.0606641; -4.2957377
11.9833881; -11.2815837; 10.3485361; -1.0983602; 0.2365290; 6.8133065; -3.4501918
12.3828343; -10.9374503; 10.5459851; -1.0001410; 0.2550487; 6.6079356; -3.1693332
12.7822806; -10.6144954; 10.7770089; -0.9003223; 0.2467699; 6.4134902; -4.1306424
13.1817269; -10.3140799; 11.0404316; -0.8014392; 0.2477293; 6.1508468; -5.7405748
13.5811732; -10.0415868; 11.3324568; -0.6984138; 0.2729152; 5.7660051; -6.9509408
13.9806194; -9.8016688; 11.6539008; -0.5819633; 0.3034249; 5.2624861; -5.4402060
14.3800657; -9.6035688; 12.0008133; -0.4533136; 0.3300752; 4.8319375; 3.1189032
14.7795120; -9.4522210; 12.3693464; -0.3277713; 0.3042216; 5.0832360; -2.9533311
15.1789582; -9.3461990; 12.7583734; -0.2030632; 0.3240712; 4.8456056; 1.5635493
15.5784045; -9.2919921; 13.1542231; -0.0698454; 0.3153123; 4.9728263; 3.3156239
15.9778508; -9.2877685; 13.5476757; 0.0472044; 0.2744792; 5.2323827; 3.1136783
16.3772970; -9.3266665; 13.9412998; 0.1505387; 0.2644301; 5.4649175; 2.8601703
16.7767433; -9.4066045; 14.3299498; 0.2558001; 0.2700192; 5.6701228; 2.6696819
17.1761896; -9.5280599; 14.7095485; 0.3631966; 0.2670184; 5.8551756; 2.5346864
17.5756359; -9.6908046; 15.0770357; 0.4702207; 0.2600956; 6.0256139; 2.4314138
17.9750821; -9.8920165; 15.4268638; 0.5732749; 0.2534851; 6.1846958; 2.4398771
18.3745284; -10.1230739; 15.7491663; 0.6693221; 0.2331113; 6.3403203; 2.6150020
18.7739747; -10.3857991; 16.0515868; 0.7604364; 0.2211688; 6.5029814; 2.8005877
19.1734209; -10.6743803; 16.3295409; 0.8474179; 0.2143507; 6.6727907; 2.9549066
19.5728672; -10.9840384; 16.5806152; 0.9308723; 0.2041429; 6.8473928; 3.0887490
19.9723135; -11.3139818; 16.8062163; 1.0105098; 0.1927886; 7.0252663; 3.2558804
20.3717597; -11.6602166; 17.0057017; 1.0847841; 0.1793859; 7.2080140; 3.7303119
20.7712060; -12.0196836; 17.1799112; 1.1529212; 0.1604171; 7.4118543; 4.1042685
21.1706523; -12.3898143; 17.3307993; 1.2131891; 0.1401976; 7.6298396; 4.8917078
21.5700985; -12.7676710; 17.4607611; 1.2642084; 0.1153588; 7.8817766; 5.4800775
21.9695448; -13.1515291; 17.5732628; 1.3056425; 0.0920810; 8.1547774; 5.9656564
22.3689911; -13.5379779; 17.6712429; 1.3378256; 0.0693905; 8.4419378; 6.7215668
22.7684374; -13.9290952; 17.7589185; 1.3612560; 0.0474062; 8.7542060; 7.1634066
23.1678836; -14.3204064; 17.8388692; 1.3758875; 0.0268403; 9.0751813; 7.6341582
23.5673299; -14.7112136; 17.9143793; 1.3826464; 0.0067917; 9.4052000; 8.1106248
23.9667762; -15.1040216; 17.9886905; 1.3849090; 0.0049195; 9.7435776; 8.4128085
24.3662224; -15.4962547; 18.0621034; 1.3864623; 0.0023579; 10.0825708; 8.7121334
24.7656687; -15.8889365; 18.1352250; 1.3866866; -0.0012363; 10.4220100; 8.7853346
25.1651150; -16.2816647; 18.2084416; 1.3863189; -0.0005992; 10.7534567; 8.9437551
25.5645612; -16.6742379; 18.2817287; 1.3861770; -0.0002605; 11.0807008; 9.0926720
25.9640075; -17.0669287; 18.3550820; 1.3860825; -0.0002117; 11.4037712; 9.1500997
26.3634538; -17.4595099; 18.4284481; 1.3860157; -0.0001229; 11.7198952; 9.2978448
26.7629000; -17.8521179; 18.5018393; 1.3859817; -0.0000587; 12.0326191; 9.4444000
27.1623463; -18.2448529; 18.5752639; 1.3859669; -0.0000163; 12.3421629; 9.5164457
27.5617926; -18.6373975; 18.6486560; 1.3859656; 0.0000102; 12.6464067; 9.6582189
27.9612389; -19.0300174; 18.7220606; 1.3859736; 0.0000243; 12.9478755; 9.8036206
28.3606851; -19.4227752; 18.7954871; 1.3859842; 0.0000292; 13.2468683; 9.8864480
28.7601314; -19.8153201; 18.8688688; 1.3859983; 0.0000419; 13.5417033; 10.0261181
29.1595777; -20.2079464; 18.9422594; 1.3860124; 0.0000088; 13.8342878; 10.1711213
29.5590239; -20.6007112; 19.0156746; 1.3860026; -0.0000421; 14.1249125; 10.2616328
29.9584702; -20.9932613; 19.0890508; 1.3860244; 0.0001510; 14.4121856; 10.4014162
30.3579165; -21.3858760; 19.1624188; 1.3860668; -0.0001598; 14.6976430; 10.5393246
30.7573627; -21.7786540; 19.2358452; 1.3858631; -0.0008132; 14.9813383; 10.5110573
31.1568090; -22.1711919; 19.3093381; 1.3855786; -0.0006121; 15.2590203; 10.6275250
31.5562553; -22.5639156; 19.3829682; 1.3853322; -0.0007977; 15.5347337; 10.7460808
31.9557015; -22.9564944; 19.4567025; 1.3849119; -0.0012033; 15.8086342; 10.7391722
32.3551478; -23.3491236; 19.5305549; 1.3850321; 0.0018078; 16.0776976; 10.6049476
32.7545941; -23.7417243; 19.6040867; 1.3866639; 0.0077798; 16.3390506; 10.3546643
33.1540404; -24.1345181; 19.6763748; 1.3915103; 0.0164693; 16.5902634; -0.6922501
33.5534866; -24.5278659; 19.7461490; 1.3994008; 0.0230364; 16.5735876; -4.1964246
33.9529329; -24.9217759; 19.8123091; 1.4096342; 0.0268147; 16.4721375; -7.5897472
34.3523792; -25.3163588; 19.8742630; 1.4205467; 0.0278253; 16.2870476; -7.7698014
34.7518254; -25.7116255; 19.9318587; 1.4316511; 0.0277670; 16.0953622; -7.8487415
35.1512717; -26.1074800; 19.9850629; 1.4427400; 0.0278278; 15.8993831; -7.9274749
35.5507180; -26.5039626; 20.0338705; 1.4538943; 0.0280119; 15.6989548; -8.0805861
35.9501642; -26.9008538; 20.0782185; 1.4651771; 0.0284921; 15.4919870; -8.0668134
36.3496105; -27.2982609; 20.1180508; 1.4766612; 0.0290815; 15.2825765; -8.0543771
36.7490568; -27.6962640; 20.1532772; 1.4884218; 0.0297770; 15.0705860; -8.0768231
37.1485030; -28.0943375; 20.1837365; 1.5004989; 0.0307239; 14.8549672; -8.0154988
37.5479493; -28.4929034; 20.2093199; 1.5129558; 0.0316788; 14.6378457; -7.9580300
37.9473956; -28.8920325; 20.2298716; 1.5258071; 0.0326138; 14.4190470; -7.9211075
38.3468419; -29.2907994; 20.2451852; 1.5391248; 0.0341646; 14.1979154; -7.8358454
38.7462881; -29.6901000; 20.2550725; 1.5530022; 0.0347647; 13.9757220; -7.7578732
39.1457344; -30.0897711; 20.2594302; 1.5667262; 0.0338856; 13.7522034; -7.6864992
39.5451807; -30.4886594; 20.2584099; 1.5798191; 0.0315721; 13.5270991; -7.5821964
39.9446269; -30.8886349; 20.2523326; 1.5921758; 0.0328407; 13.3013176; -7.4856539
40.3440732; -31.2880877; 20.2408984; 1.6073401; 0.0432096; 13.0745867; -7.3957386
40.7435195; -31.6882927; 20.2225897; 1.6259807; 0.0484405; 12.8466500; -7.2869802
41.1429657; -32.0867560; 20.1965990; 1.6461735; 0.0525006; 12.6180388; -7.1906624
41.5424120; -32.4855480; 20.1621902; 1.6677767; 0.0557915; 12.3883145; -7.0702101
41.9418583; -32.8843669; 20.1187855; 1.6907489; 0.0579096; 12.1582070; -6.9379362
42.3413046; -33.2789283; 20.0665714; 1.7140795; 0.0591171; 11.9280901; -6.7855913
42.7407508; -33.6731875; 20.0049365; 1.7376694; 0.0591951; 11.6986484; -6.6197374
43.1401971; -34.0673684; 19.9335059; 1.7632649; 0.0700277; 11.4703930; -6.4225808
43.5396434; -34.4553347; 19.8520144; 1.7929703; 0.0782873; 11.2445082; -6.1885825
43.9390896; -34.8415473; 19.7584604; 1.8237478; 0.0765799; 11.0224748; -5.9246779
44.3385359; -35.2285400; 19.6520597; 1.8543985; 0.0755295; 10.8056361; -5.6602594
44.7379822; -35.6076569; 19.5351926; 1.8856903; 0.0823016; 10.5943302; -5.4617898
45.1374284; -35.9852299; 19.4051353; 1.9196671; 0.0871469; 10.3863588; -5.2717612
45.5368747; -36.3600021; 19.2612254; 1.9554477; 0.0906754; 10.1815951; -5.0307086
45.9363210; -36.7270932; 19.1047875; 1.9919892; 0.0928735; 9.9822784; -4.7956517
46.3357672; -37.0886321; 18.9345988; 2.0296991; 0.0956180; 9.7884969; -4.5989892
46.7352135; -37.4442130; 18.7502659; 2.0685856; 0.0971182; 9.5989882; -4.3007418
47.1346598; -37.7916797; 18.5528184; 2.1061127; 0.0913150; 9.4183196; -4.0344464
47.5341061; -38.1326105; 18.3420596; 2.1434471; 0.0993061; 9.2456289; -3.8114365
47.9335523; -38.4629665; 18.1191592; 2.1864502; 0.1162025; 9.0794673; -3.4206651
48.3329986; -38.7843004; 17.8801181; 2.2350098; 0.1265865; 8.9277087; -3.0568072
48.7324449; -39.0929316; 17.6252867; 2.2874648; 0.1341388; 8.7898761; -2.7123655
49.1318911; -39.3860649; 17.3555642; 2.3422258; 0.1400961; 8.6657390; -2.2140446
49.5313374; -39.6642303; 17.0694199; 2.3986131; 0.1427197; 8.5630748; -1.5892608
49.9307837; -39.9267326; 16.7666474; 2.4560143; 0.1429185; 8.4886160; -1.0507970
50.3302299; -40.1704206; 16.4508297; 2.5127220; 0.1416940; 8.4390241; -0.4589241
50.7296762; -40.3950463; 16.1231010; 2.5689233; 0.1477345; 8.4172737; 0.1685312
51.1291225; -40.6008075; 15.7811620; 2.6318758; 0.1628434; 8.4252676; 0.9534772
51.5285687; -40.7834479; 15.4285730; 2.6946303; 0.1509605; 8.4703518; 1.5003847
51.9280150; -40.9447915; 15.0653161; 2.7518456; 0.1393428; 8.5408141; 1.9420038
52.3274613; -41.0869477; 14.6900770; 2.8066691; 0.1327593; 8.6311621; 2.3821265
52.7269076; -41.2089304; 14.3077207; 2.8584130; 0.1258583; 8.7407106; 2.9369469
53.1263538; -41.3107892; 13.9229142; 2.9065678; 0.1162849; 8.8739127; 3.2197168
53.5258001; -41.3951731; 13.5312100; 2.9517949; 0.1092959; 9.0176790; 3.5592094
53.9252464; -41.4621926; 13.1369201; 2.9942827; 0.1036574; 9.1739828; 3.9289548
54.3246926; -41.5129264; 12.7403703; 3.0335697; 0.0919559; 9.3434883; 4.1228881
54.7241389; -41.5490854; 12.3414133; 3.0680714; 0.0803474; 9.5181152; 4.3616906
55.1235852; -41.5722941; 11.9424559; 3.0983408; 0.0719663; 9.6994350; 4.5203218
55.5230314; -41.5837952; 11.5393294; 3.1286058; 0.0823940; 9.8838399; 4.5853166
55.9224777; -41.5818857; 11.1401142; -3.1180465; 0.0941701; 10.0674458; 4.5682833
56.3219240; -41.5655285; 10.7456483; -3.0829691; 0.0832299; 10.2470988; 4.4706267
56.7213702; -41.5346674; 10.3451086; -3.0449469; 0.1040918; 10.4199128; 5.7306277
57.1208165; -41.4889653; 9.9536797; -3.0082437; 0.0699123; 10.6373276; -4.5255545
57.5202628; -41.4324574; 9.5635851; -2.9893851; 0.0351776; 10.4660072; -10.6942206
57.9197091; -41.3693766; 9.1678454; -2.9792857; 0.0088748; 10.0495659; -11.0558378
58.3191553; -41.3042686; 8.7684915; -2.9828761; -0.0239025; 9.6000702; -9.7201054
58.7186016; -41.2444631; 8.3788101; -2.9973814; -0.0487626; 9.1867311; -8.9059151
59.1180479; -41.1909910; 7.9788443; -3.0214188; -0.0699573; 8.7909703; -7.9120712
59.5174941; -41.1491485; 7.5811495; -3.0534945; -0.0907316; 8.4237916; -7.1441470
59.9169404; -41.1217099; 7.1808327; -3.0942477; -0.1123417; 8.0779242; -6.6252817
60.3163867; -41.1124067; 6.7812954; 3.1390878; -0.1382302; 7.7433824; -6.1587364
60.7158329; -41.1252923; 6.3787177; 3.0783807; -0.1645735; 7.4188815; -5.7659238
61.1152792; -41.1645395; 5.9814156; 3.0054159; -0.1988602; 7.1016511; -5.1385628
61.5147255; -41.2356193; 5.5863056; 2.9194286; -0.2343088; 6.8064888; -4.4640140
61.9141717; -41.3449851; 5.1953131; 2.8166537; -0.2630861; 6.5392677; -4.3123428
62.3136180; -41.4919222; 4.8274252; 2.7027179; -0.3146830; 6.2703208; -5.2133981
62.7130643; -41.6807321; 4.4828420; 2.5792278; -0.3027156; 5.9289104; -7.0187837
63.1125106; -41.9088090; 4.1607553; 2.4812002; -0.2106434; 5.4355059; -8.7784287
63.5119568; -42.1677393; 3.8601856; 2.3725092; -0.3322425; 4.7467572; -6.3756846
63.9114031; -42.4659584; 3.5944440; 2.2202019; -0.3894063; 4.1759091; 3.5395468
64.3108494; -42.8028378; 3.3759598; 2.0754698; -0.3407793; 4.5017701; -0.5130983
64.7102956; -43.1645484; 3.2072748; 1.9381983; -0.3504633; 4.4560098; 2.8802733
65.1097419; -43.5450886; 3.0898941; 1.8044056; -0.3175989; 4.7071279; 3.2275881
65.5091882; -43.9396370; 3.0215557; 1.6816271; -0.2963846; 4.9734846; 3.0360369
65.9086344; -44.3396272; 3.0006876; 1.5647368; -0.2863000; 5.2116232; 2.8389500
66.3080807; -44.7382150; 3.0255538; 1.4529035; -0.2764392; 5.4248532; 2.6847562
66.7075270; -45.1330898; 3.0944620; 1.3438543; -0.2675948; 5.6190625; 2.6134815
67.1069732; -45.5179740; 3.2052894; 1.2374909; -0.2603998; 5.8018751; 2.5440563
67.5064195; -45.8874453; 3.3548693; 1.1351775; -0.2527170; 5.9744608; 2.4824208
67.9058658; -46.2388488; 3.5400256; 1.0375034; -0.2381211; 6.1381894; 2.4146791
68.3053121; -46.5736051; 3.7590230; 0.9474742; -0.2077189; 6.2933646; 2.6186287
68.7047583; -46.8865919; 4.0044214; 0.8635652; -0.2110763; 6.4574330; 2.8162636
69.1042046; -47.1737736; 4.2725169; 0.7712924; -0.2646415; 6.6293539; 2.9422761
69.5036509; -47.4339174; 4.5694496; 0.6691152; -0.2458969; 6.8043292; 3.0310932
69.9030971; -47.6701269; 4.8997960; 0.5739787; -0.2202037; 6.9800010; 3.1033178
70.3025434; -47.8718905; 5.2426619; 0.4910517; -0.2010914; 7.1553917; 3.1614975
70.7019897; -48.0468483; 5.6035639; 0.4130874; -0.1827861; 7.3297563; 3.2260925
71.1014359; -48.1953446; 5.9780783; 0.3428804; -0.1679520; 7.5035078; 3.2711584
71.5008822; -48.3173855; 6.3583331; 0.2796214; -0.1485528; 7.6756715; 3.3528488
71.9003285; -48.4168665; 6.7465442; 0.2229884; -0.1344313; 7.8482163; 3.5331736
72.2997748; -48.4954858; 7.1399924; 0.1725918; -0.1174779; 8.0260280; 3.7463171
72.6992210; -48.5553045; 7.5357263; 0.1284372; -0.1021851; 8.2103611; 4.1221243
73.0986673; -48.5989304; 7.9336084; 0.0911929; -0.0839845; 8.4085174; 4.5583292
73.4981136; -48.6291517; 8.3341426; 0.0600000; -0.0744518; 8.6223419; 4.9101432
73.8975598; -48.6471599; 8.7275490; 0.0319471; -0.0680793; 8.8468896; 5.6367614
74.2970061; -48.6542281; 9.1300155; 0.0025362; -0.0775269; 9.0978362; 6.0919167
74.6964524; -48.6489553; 9.5281778; -0.0291073; -0.0791280; 9.3614854; 6.5598334
75.0958986; -48.6312408; 9.9253151; -0.0597379; -0.0747588; 9.6373239; 7.0655535
75.4953449; -48.6015908; 10.3235014; -0.0885003; -0.0685682; 9.9258566; 7.3926188
75.8947912; -48.5612251; 10.7196720; -0.1139110; -0.0585508; 10.2190282; 7.6153800
76.2942374; -48.5116167; 11.1150949; -0.1349408; -0.0472610; 10.5124882; 7.7930490
76.6936837; -48.4541825; 11.5120102; -0.1517534; -0.0363994; 10.8045461; 7.7810134
77.0931300; -48.3919113; 11.9035542; -0.1624689; -0.0180260; 11.0884810; 7.7636203
77.4925763; -48.3263420; 12.2969074; -0.1675271; -0.0121030; 11.3647133; 7.7733092
77.8920225; -48.2580795; 12.6942640; -0.1728949; -0.0145778; 11.6347216; 7.5756452
78.2914688; -48.1883760; 13.0856315; -0.1800734; -0.0215363; 11.8919668; 7.6173081
78.6909151; -48.1145914; 13.4802050; -0.1900589; -0.0274381; 12.1451342; 7.5948703
79.0903613; -48.0368198; 13.8722488; -0.2019156; -0.0320944; 12.3924077; 7.5447794
79.4898076; -47.9536737; 14.2649312; -0.2156531; -0.0361605; 12.6332592; 7.5928947
79.8892539; -47.8654362; 14.6537219; -0.2310148; -0.0405236; 12.8710972; 7.5422214
80.2887001; -47.7704387; 15.0432185; -0.2475491; -0.0421579; 13.1030748; 7.5704124
80.6881464; -47.6688886; 15.4311304; -0.2643382; -0.0396439; 13.3318609; 7.6300493
81.0875927; -47.5624640; 15.8130017; -0.2789143; -0.0365198; 13.5585436; 7.7397522
81.4870389; -47.4492161; 16.1963421; -0.2966169; -0.0518340; 13.7846775; 8.0022545
81.8864852; -47.3293326; 16.5744591; -0.3167662; -0.0439605; 14.0146450; 4.0457740
82.2859315; -47.2025690; 16.9515233; -0.3308026; -0.0285977; 14.1294874; -2.2344710
82.6853778; -47.0700332; 17.3310891; -0.3405051; -0.0199930; 14.0661762; -10.1039748
83.0848240; -46.9355878; 17.7059970; -0.3480306; -0.0181863; 13.7762594; -10.6514740
83.4842703; -46.7970669; 18.0835508; -0.3552078; -0.0175139; 13.4638753; -10.9841774
83.8837166; -46.6571898; 18.4566386; -0.3622179; -0.0180164; 13.1339545; -11.2916131
84.2831628; -46.5129536; 18.8328381; -0.3703253; -0.0226245; 12.7859288; -11.2549633
84.6826091; -46.3659972; 19.2059428; -0.3803230; -0.0261283; 12.4293391; -11.1537252
85.0820554; -46.2176211; 19.5715689; -0.3903015; -0.0176061; 12.0655643; -10.8808847
85.4815016; -46.0659963; 19.9388060; -0.3906721; 0.0099930; 11.6997942; -9.8466292
85.8809479; -45.9150018; 20.3050118; -0.3935940; -0.0217838; 11.3586437; -8.7709004
86.2803942; -45.7610357; 20.6700169; -0.4058488; -0.0387032; 11.0458942; -8.0844333
86.6798404; -45.5978251; 21.0408447; -0.4242740; -0.0521177; 10.7495668; -7.3119038
87.0792867; -45.4293887; 21.4027826; -0.4477629; -0.0657855; 10.4743382; -6.7256111
87.4787330; -45.2500819; 21.7629381; -0.4769440; -0.0787648; 10.2146326; -6.3319492
87.8781793; -45.0608001; 22.1146477; -0.5116873; -0.0967287; 9.9639436; -5.5941693
88.2776255; -44.8552450; 22.4639823; -0.5526915; -0.1071951; 9.7370957; -5.2177039
88.6770718; -44.6370016; 22.8003074; -0.6000402; -0.1289159; 9.5206432; -4.7049988
89.0765181; -44.4057968; 23.1193287; -0.6562792; -0.1605777; 9.3211512; -4.0049603
89.4759643; -44.1499494; 23.4298879; -0.7209593; -0.1475398; 9.1479138; -3.3561825
89.8754106; -43.8816895; 23.7194364; -0.7719853; -0.1188334; 9.0001721; -2.6598212
90.2748569; -43.5989771; 23.9973786; -0.8155104; -0.1142774; 8.8813392; -2.0026708
90.6743031; -43.3016049; 24.2641450; -0.8647151; -0.1293426; 8.7908058; -1.4018735
91.0737494; -42.9895424; 24.5163520; -0.9177753; -0.1341688; 8.7268735; -0.6186146
91.4731957; -42.6669547; 24.7497043; -0.9714620; -0.1361139; 8.6985122; 0.0610129
91.8726419; -42.3313000; 24.9658741; -1.0255520; -0.1334512; 8.7013135; 0.6754103
92.2720882; -41.9832664; 25.1645220; -1.0784811; -0.1289543; 8.7322642; 1.3224411
92.6715345; -41.6260561; 25.3446240; -1.1287451; -0.1232782; 8.7925494; 2.3841764
93.0709808; -41.2611668; 25.5065632; -1.1771988; -0.1192297; 8.9002037; 3.0398793
93.4704270; -40.8892660; 25.6508712; -1.2237490; -0.1138378; 9.0356053; 3.6867846
93.8698733; -40.5104570; 25.7783993; -1.2679102; -0.1071281; 9.1971467; 4.5390997
94.2693196; -40.1271525; 25.8894058; -1.3095121; -0.1013235; 9.3922181; 4.8000950
94.6687658; -39.7398875; 25.9847605; -1.3489463; -0.0968410; 9.5941921; 4.9773211
95.0682121; -39.3480255; 26.0653091; -1.3869348; -0.0930294; 9.7992278; 5.1025317
95.4676584; -38.9540429; 26.1311282; -1.4233522; -0.0894044; 10.0050607; 5.2189148
95.8671046; -38.5584202; 26.1827907; -1.4582774; -0.0855721; 10.2112973; 5.3290020
96.2665509; -38.1601244; 26.2209986; -1.4918077; -0.0819248; 10.4176721; 5.4362143
96.6659972; -37.7615507; 26.2460998; -1.5237444; -0.0781379; 10.6240691; 5.5394245
97.0654434; -37.3623508; 26.2587535; -1.5542118; -0.0742985; 10.8303392; 5.6435613
97.4648897; -36.9624253; 26.2595417; -1.5832037; -0.0706936; 11.0365233; 5.7447279
97.8643360; -36.5632071; 26.2490525; -1.6106799; -0.0670038; 11.2425205; 5.8495861
98.2637823; -36.1640902; 26.2278615; -1.6367576; -0.0633510; 11.4484697; 5.9548260
98.6632285; -35.7659358; 26.1965949; -1.6613338; -0.0597997; 11.6543865; 6.0664975
99.0626748; -35.3682218; 26.1557600; -1.6847196; -0.0572419; 11.8604892; 6.1880507
99.4621211; -34.9717503; 26.1058684; -1.7069678; -0.0531250; 12.0670954; 6.3135198
99.8615673; -34.5769552; 26.0476717; -1.7269219; -0.0468887; 12.2743071; 7.1633285
100.2610136; -34.1822173; 25.9820259; -1.7434492; -0.0351533; 12.5052527; 7.7072655
100.6604599; -33.7893920; 25.9110157; -1.7549858; -0.0226921; 12.7490636; 8.4264510
101.0599061; -33.3973385; 25.8364782; -1.7615129; -0.0099056; 13.0103978; 9.2135220
101.4593524; -33.0051405; 25.7601611; -1.7641242; -0.0042082; 13.2902620; 9.5919086
101.8587987; -32.6133963; 25.6832458; -1.7649741; -0.0007654; 13.5754915; 9.9395075
102.2582450; -32.2215283; 25.6061590; -1.7649963; 0.0006571; 13.8648681; 10.0616061
102.6576912; -31.8294719; 25.5291086; -1.7647367; 0.0003982; 14.1517741; 10.2181257
103.0571375; -31.4376027; 25.4521602; -1.7646719; 0.0000582; 14.4373091; 10.3602965
103.4565838; -31.0456926; 25.3752172; -1.7646439; 0.0000823; 14.7211636; 10.4830565
103.8560300; -30.6536891; 25.2982664; -1.7646309; -0.0000358; 15.0029161; 10.6373076
104.2554763; -30.2617706; 25.2213270; -1.7646616; -0.0000265; 15.2835061; 10.7808989
104.6549226; -29.8698268; 25.1443808; -1.7646226; 0.0002219; 15.5627227; 10.7462948
105.0543688; -29.4778679; 25.0674688; -1.7644758; 0.0005182; 15.8361445; 10.8000683
105.4538151; -29.0859046; 24.9906396; -1.7642187; 0.0006969; 16.1062586; 10.8265297
105.8532614; -28.6938762; 24.9139092; -1.7639401; 0.0006978; 16.3725624; 10.7700393
106.2527076; -28.3019052; 24.8373038; -1.7636590; 0.0007107; 16.6332470; 10.8137611
106.6521539; -27.9098675; 24.7608009; -1.7633729; 0.0007191; 16.8909425; 10.8387119
107.0516002; -27.5177291; 24.6843951; -1.7630853; 0.0007205; 17.1453464; 10.7734010
107.4510465; -27.1257371; 24.6081350; -1.7627976; 0.0007202; 17.3945306; 10.8091823
107.8504927; -26.7336330; 24.5319700; -1.7625105; 0.0007143; 17.6410053; 10.8301654
108.2499390; -26.3413823; 24.4558927; -1.7622276; 0.0007017; 17.8845522; 10.7553577
108.6493853; -25.9493615; 24.3799661; -1.7620108; 0.0003695; 18.1231780; 10.7839242
109.0488315; -25.5571447; 24.3040632; -1.7619062; 0.0003113; 18.3593240; 10.7983162
109.4482778; -25.1648677; 24.2282021; -1.7617246; 0.0005973; 18.5927801; 10.7272647
109.8477241; -24.7727436; 24.1524630; -1.7614640; 0.0006988; 18.8218332; 10.7541128
110.2471703; -24.3805126; 24.0768168; -1.7611686; 0.0007681; 19.0486951; 10.7656914
110.6466166; -23.9882089; 24.0012811; -1.7608534; 0.0008094; 19.2731268; 10.7000705
111.0460629; -23.5960028; 23.9258968; -1.7605136; 0.0008951; 19.4936303; 10.7248632
111.4455091; -23.2036932; 23.8506381; -1.7601363; 0.0010076; 19.7121697; 10.7322312
111.8449554; -22.8113258; 23.7755324; -1.7597050; 0.0011515; 19.9284604; 2.5049658
112.2444017; -22.4190109; 23.7006212; -1.7592365; 0.0011859; 19.9786069; 1.0702880
112.6438480; -22.0266020; 23.6258843; -1.7587649; 0.0011243; 19.9999945; -0.0000004
113.0432942; -21.6341479; 23.5513204; -1.7583527; 0.0009394; 19.9999945; -0.0000001
113.4427405; -21.2417196; 23.4769128; -1.7580230; 0.0007068; 19.9999944; -0.0000000
113.8421868; -20.8492300; 23.4026084; -1.7577875; 0.0004766; 19.9999944; -0.0000000
114.2416330; -20.4567266; 23.3283789; -1.7576409; 0.0002578; 19.9999944; -0.0000000
114.6410793; -20.0642391; 23.2541963; -1.7575644; 0.0001372; 19.9999944; -0.0000000
115.0405256; -19.6717266; 23.1800314; -1.7575298; 0.0000458; 19.9999944; -0.0000000
115.4399718; -19.2792198; 23.1058753; -1.7575244; -0.0000188; 19.9999944; 0.0000000
115.8394181; -18.8867125; 23.0317189; -1.7575189; 0.0000699; 19.9999944; 0.0000002
116.2388644; -18.4942023; 22.9575728; -1.7574811; -0.0000160; 19.9999945; 0.0000005
116.6383106; -18.1017011; 22.8834209; -1.7575860; -0.0005094; 19.9999945; -3.0840903
117.0377569; -17.7091960; 22.8091836; -1.7579055; -0.0011094; 19.9383029; -5.8826104
117.4372032; -17.3167432; 22.7347765; -1.7584614; -0.0015369; 19.8200996; -10.6672226
117.8366495; -16.9243372; 22.6601346; -1.7590706; -0.0015134; 19.6039380; -10.6983771
118.2360957; -16.5319442; 22.5852505; -1.7596597; -0.0014219; 19.3847241; -10.6717056
118.6355420; -16.1396337; 22.5101512; -1.7602057; -0.0013117; 19.1635588; -10.6899312
119.0349883; -15.7473535; 22.4348446; -1.7607073; -0.0011995; 18.9394265; -10.7198433
119.4344345; -15.3550701; 22.3593421; -1.7611690; -0.0011195; 18.7119714; -10.6915439
119.8338808; -14.9628802; 22.2836755; -1.7616025; -0.0010574; 18.4823289; -10.7153217
120.2333271; -14.5706983; 22.2078384; -1.7620172; -0.0010190; 18.2492764; -10.7436939
120.6327733; -14.1785043; 22.1318330; -1.7624191; -0.0009974; 18.0125799; -10.7137823
121.0322196; -13.7864195; 22.0556867; -1.7628145; -0.0009858; 17.7734035; -10.7437454
121.4316659; -13.3943242; 21.9793779; -1.7632087; -0.0009877; 17.5302816; -10.7725301
121.8311121; -13.0022137; 21.9029054; -1.7636053; -0.0010008; 17.2830750; -10.7411453
122.2305584; -12.6102310; 21.8262951; -1.7640091; -0.0010317; 17.0330167; -10.7764561
122.6300047; -12.2182246; 21.7495118; -1.7644364; -0.0011076; 16.7783917; -10.8068256
123.0294510; -11.8262036; 21.6725441; -1.7649071; -0.0012729; 16.5191082; -10.7729263
123.4288972; -11.4343337; 21.5953991; -1.7654559; -0.0014862; 16.2565226; -10.8098467
123.8283435; -11.0424453; 21.5180080; -1.7661018; -0.0017485; 15.9887029; -10.8421880
124.2277898; -10.6505706; 21.4403299; -1.7669051; -0.0023658; 15.7154980; -10.7996715
124.6272360; -10.2588510; 21.3622969; -1.7680158; -0.0034566; 15.4385589; -10.8202147
125.0266823; -9.8671891; 21.2836962; -1.7698303; -0.0056362; 15.1560190; -10.8237113
125.4261286; -9.4755375; 21.2041870; -1.7724481; -0.0073426; 14.8680170; -10.7178877
125.8255748; -9.0844975; 21.1236053; -1.7757373; -0.0097510; 14.5772250; -10.6042264
126.2250211; -8.6936506; 21.0414432; -1.7805626; -0.0144081; 14.2836918; -10.2814390
126.6244674; -8.3033568; 20.9570397; -1.7873354; -0.0196258; 13.9932157; -9.9448932
127.0239137; -7.9137562; 20.8695869; -1.7962139; -0.0246978; 13.7063921; -9.5334287
127.4233599; -7.5248350; 20.7782555; -1.8069830; -0.0291670; 13.4256844; -9.0086670
127.8228062; -7.1375951; 20.6825610; -1.8193851; -0.0328785; 13.1549247; -8.6132825
128.2222525; -6.7511454; 20.5816695; -1.8331565; -0.0359206; 12.8907314; -8.1645547
128.6216987; -6.3658284; 20.4751515; -1.8480103; -0.0383272; 12.6352030; -7.6407877
129.0211450; -5.9838888; 20.3633570; -1.8628435; -0.0353089; 12.3912948; -7.2842412
129.4205913; -5.6017854; 20.2456450; -1.8763617; -0.0357438; 12.1542116; -6.8308695
129.8200375; -5.2216359; 20.1224178; -1.8929081; -0.0469042; 11.9276037; -6.3896056
130.2194838; -4.8440100; 19.9921758; -1.9135005; -0.0557931; 11.7116660; -6.1137749
130.6189301; -4.4681502; 19.8530612; -1.9376905; -0.0647874; 11.5012552; -5.6467007
131.0183763; -4.0969142; 19.7046616; -1.9649498; -0.0719251; 11.3034404; -5.3437493
131.4178226; -3.7293485; 19.5452906; -1.9953721; -0.0792302; 11.1129962; -5.0341042
131.8172689; -3.3689599; 19.3752583; -2.0284263; -0.0872713; 10.9305524; -4.5336306
132.2167152; -3.0111487; 19.1910008; -2.0644950; -0.0916405; 10.7636003; -4.2258986
132.6161614; -2.6631908; 18.9952697; -2.1023095; -0.0974476; 10.6056142; -3.8008029
133.0156077; -2.3244556; 18.7870029; -2.1422362; -0.1040949; 10.4614827; -3.2224193
133.4150540; -1.9908170; 18.5624040; -2.1841832; -0.1023048; 10.3377102; -2.7521599
133.8145002; -1.6700580; 18.3269700; -2.2230413; -0.0912951; 10.2308149; -2.2123314
134.2139465; -1.3585743; 18.0806603; -2.2555140; -0.0761235; 10.1440701; -1.6256443
134.6133928; -1.0535906; 17.8237728; -2.2860998; -0.0764160; 10.0798533; -0.9092523
135.0128390; -0.7567973; 17.5575979; -2.3180317; -0.0825798; 10.0437567; -0.3791350
135.4122853; -0.4698913; 17.2826306; -2.3526531; -0.0929735; 10.0286669; 0.1149814
135.8117316; -0.1925623; 16.9965480; -2.3913352; -0.1010184; 10.0332456; 0.5625987
136.2111778; 0.0750089; 16.6973118; -2.4330347; -0.1078663; 10.0556190; 1.1539281
136.6106241; 0.3271054; 16.3894024; -2.4789382; -0.1216110; 10.1013533; 1.7492697
137.0100704; 0.5639405; 16.0700369; -2.5281496; -0.1238677; 10.1702909; 2.5064484
137.4095167; 0.7877405; 15.7346799; -2.5778575; -0.1152647; 10.2682618; 5.1262097
137.8089629; 0.9939244; 15.3938923; -2.6140236; -0.0684642; 10.4657771; -2.9556145
138.2084092; 1.1922811; 15.0447457; -2.6326722; -0.0208813; 10.3523559; -9.8595041
138.6078555; 1.3868620; 14.6954812; -2.6303897; 0.0323850; 9.9646670; -8.2933305
139.0073017; 1.5870019; 14.3464785; -2.6087282; 0.0744232; 9.6264795; -7.1008737
139.4067480; 1.7960913; 14.0060495; -2.5699731; 0.1136041; 9.3271793; -4.4482899
139.8061943; 2.0208866; 13.6741161; -2.5215382; 0.1304234; 9.1346903; -3.4313139
140.2056405; 2.2656643; 13.3505960; -2.4658249; 0.1391619; 8.9833911; -2.7038116
140.6050868; 2.5228601; 13.0478299; -2.4078618; 0.1542595; 8.8623508; -1.9960420
141.0045331; 2.7941792; 12.7645587; -2.3485483; 0.1445451; 8.7719233; -1.1948873
141.4039793; 3.0822642; 12.4950982; -2.3013626; 0.0973855; 8.7173420; -0.4537623
141.8034256; 3.3868376; 12.2342236; -2.2550028; 0.1255711; 8.6965248; 0.2768285
142.2028719; 3.7004312; 11.9918513; -2.2014413; 0.1427996; 8.7092308; 0.9705770
142.6023182; 4.0277075; 11.7669534; -2.1444482; 0.1424873; 8.7536328; 1.4875870
143.0017644; 4.3725648; 11.5579624; -2.0870186; 0.1378691; 8.8212533; 2.0910794
143.4012107; 4.7265391; 11.3694236; -2.0340448; 0.1281414; 8.9154393; 2.8355568
143.8006570; 5.0885189; 11.1997459; -1.9851748; 0.1152686; 9.0415907; 3.2065155
144.2001032; 5.4592169; 11.0465213; -1.9410187; 0.1033423; 9.1821579; 3.8919338
144.5995495; 5.8348835; 10.9089960; -1.9037616; 0.0834259; 9.3499337; 4.3574356
144.9989958; 6.2152655; 10.7841351; -1.8724642; 0.0779353; 9.5342741; 4.7147063
145.3984420; 6.5967000; 10.6719654; -1.8409971; 0.0802677; 9.7297958; 4.8788927
145.7978883; 6.9843866; 10.5713506; -1.8082592; 0.0830315; 9.9280732; 5.0258004
146.1973346; 7.3736849; 10.4839709; -1.7749224; 0.0830541; 10.1282630; 5.1766646
146.5967808; 7.7653739; 10.4095649; -1.7422906; 0.0804962; 10.3304071; 5.3571907
146.9962271; 8.1603203; 10.3476363; -1.7105158; 0.0783564; 10.5355176; 5.4972491
147.3956734; 8.5563946; 10.2981658; -1.6797838; 0.0755088; 10.7419198; 5.6402611
147.7951197; 8.9539603; 10.2606329; -1.6502887; 0.0721357; 10.9496486; 5.7990062
148.1945659; 9.3523841; 10.2346004; -1.6219542; 0.0697465; 11.1591929; 5.9247134
148.5940122; 9.7514243; 10.2196649; -1.5946574; 0.0667936; 11.3692918; 6.0510876
148.9934585; 10.1511034; 10.2153759; -1.5686149; 0.0635173; 11.5799381; 6.7449768
149.3929047; 10.5502668; 10.2208806; -1.5464781; 0.0473733; 11.8103123; 7.5026081
149.7923510; 10.9495764; 10.2339445; -1.5308280; 0.0304987; 12.0613952; 8.3283734
150.1917973; 11.3487699; 10.2518718; -1.5221874; 0.0127801; 12.3341287; 9.3987057
150.5912435; 11.7476666; 10.2716943; -1.5216305; -0.0100936; 12.6348441; 3.1698544
150.9906898; 12.1467744; 10.2899251; -1.5300801; -0.0312284; 12.7346637; -4.2387208
151.3901361; 12.5459876; 10.3031884; -1.5463591; -0.0502914; 12.6010070; -6.0465328
151.7895823; 12.9453711; 10.3087370; -1.5678269; -0.0565414; 12.4078542; -5.8415846
152.1890286; 13.3447306; 10.3052756; -1.5913627; -0.0603763; 12.2183488; -5.4858169
152.5884749; 13.7440074; 10.2922003; -1.6158093; -0.0619937; 12.0376688; -5.5188182
152.9879212; 14.1426420; 10.2692464; -1.6409517; -0.0639621; 11.8531231; -5.4474836
153.3873674; 14.5406998; 10.2361061; -1.6669127; -0.0661663; 11.6681007; -5.3679518
153.7868137; 14.9378424; 10.1924424; -1.6938595; -0.0687150; 11.4828636; -5.2181213
154.1862600; 15.3333665; 10.1379275; -1.7218581; -0.0715699; 11.2998867; -5.0711693
154.5857062; 15.7273918; 10.0720935; -1.7510360; -0.0745720; 11.1191780; -4.8920856
154.9851525; 16.1193006; 9.9945450; -1.7814720; -0.0777930; 10.9420231; -4.6276386
155.3845988; 16.5083846; 9.9049106; -1.8131824; -0.0810478; 10.7717632; -4.4300205
155.7840450; 16.8946118; 9.8026638; -1.8462200; -0.0843398; 10.6062138; -4.1527664
156.1834913; 17.2770936; 9.6874862; -1.8805911; -0.0877670; 10.4486438; -3.8152153
156.5829376; 17.6551793; 9.5590702; -1.9158226; -0.0878239; 10.3017577; -3.5800358
156.9823839; 18.0289927; 9.4172918; -1.9507782; -0.0882609; 10.1619952; -3.1820590
157.3818301; 18.3974241; 9.2623380; -1.9875988; -0.0964839; 10.0361359; -2.8182228
157.7812764; 18.7607363; 9.0927495; -2.0278673; -0.1034086; 9.9233345; -2.5442312
158.1807227; 19.1146548; 8.9093035; -2.0707008; -0.1110098; 9.8203869; -2.0393976
158.5801689; 19.4621492; 8.7093044; -2.1155427; -0.1134515; 9.7370807; -1.6098902
158.9796152; 19.8008658; 8.4932967; -2.1612877; -0.1119808; 9.6708123; -1.1959276
159.3790615; 20.1266621; 8.2643692; -2.2049993; -0.1060738; 9.6212885; -0.6899704
159.7785077; 20.4407822; 8.0234602; -2.2439936; -0.0893670; 9.5926003; 0.0338886
160.1779540; 20.7502836; 7.7682772; -2.2746738; -0.0605211; 9.5940114; 0.6589505
160.5774003; 21.0493175; 7.5077034; -2.3031345; -0.0913853; 9.6214076; 1.2754903
160.9768465; 21.3363100; 7.2392233; -2.3444508; -0.1169785; 9.6742165; 1.8129579
161.3762928; 21.6145401; 6.9543705; -2.3913835; -0.1171526; 9.7487857; 2.2304717
161.7757391; 21.8844149; 6.6505833; -2.4391970; -0.1175933; 9.8397526; 2.8688109
162.1751854; 22.1332504; 6.3426134; -2.4844956; -0.1128270; 9.9555312; 3.2490259
162.5746316; 22.3714720; 6.0189736; -2.5291220; -0.1055621; 10.0850495; 3.5861766
162.9740779; 22.5955287; 5.6857530; -2.5695901; -0.0972432; 10.2261036; 4.1278714
163.3735242; 22.8059661; 5.3450334; -2.6061894; -0.0853302; 10.3860926; 4.3549769
163.7729704; 23.0045280; 4.9974178; -2.6383452; -0.0740031; 10.5522547; 4.7828924
164.1724167; 23.1928934; 4.6439329; -2.6644640; -0.0565042; 10.7317797; 5.1155296
164.5718630; 23.3730823; 4.2864250; -2.6842123; -0.0439052; 10.9205244; 5.3766589
164.9713092; 23.5452179; 3.9295671; -2.6992889; -0.0329426; 11.1154499; 5.5348731
165.3707555; 23.7137127; 3.5667727; -2.7152056; -0.0463500; 11.3126034; 5.8756717
165.7702018; 23.8749008; 3.2025123; -2.7347409; -0.0465173; 11.5182041; 5.7536441
166.1696480; 24.0298875; 2.8340535; -2.7515008; -0.0374423; 11.7160390; -4.1911759
166.5690943; 24.1790427; 2.4639784; -2.7649297; -0.0298430; 11.5722629; -7.2646357
166.9685406; 24.3238589; 2.0918535; -2.7758154; -0.0269132; 11.3187281; -9.7835827
167.3679869; 24.4649045; 1.7174806; -2.7868480; -0.0283124; 10.9680251; -9.8599543
167.7674331; 24.6011052; 1.3424612; -2.8003187; -0.0391797; 10.6028549; -9.5363273
168.1668794; 24.7316176; 0.9647765; -2.8182259; -0.0510163; 10.2372863; -9.2128582
168.5663257; 24.8544206; 0.5844234; -2.8412302; -0.0641024; 9.8712688; -8.7527158
168.9657719; 24.9673308; 0.2013551; -2.8696280; -0.0782218; 9.5104925; -8.3389942
169.3652182; 25.0682708; -0.1852757; -2.9037687; -0.0926711; 9.1535516; -7.8947435
169.7646645; 25.1547872; -0.5752151; -2.9437384; -0.1075561; 8.8022983; -7.4174564
170.1641107; 25.2244843; -0.9687045; -2.9899206; -0.1238242; 8.4590014; -6.9873693
170.5635570; 25.2745949; -1.3649055; -3.0427873; -0.1409444; 8.1223487; -6.4505447
170.9630033; 25.3023251; -1.7633310; -3.1026091; -0.1587492; 7.7986701; -5.8888352
171.3624495; 25.3047336; -2.1628019; 3.1134016; -0.1777240; 7.4909752; -5.3663820
171.7618958; 25.2788239; -2.5610565; 3.0385570; -0.1969447; 7.1991351; -4.4475167
172.1613421; 25.2216998; -2.9562610; 2.9563455; -0.2147171; 6.9479824; -3.2594609
172.5607884; 25.1312121; -3.3448005; 2.8691628; -0.2171411; 6.7579952; -2.7897176
172.9602346; 25.0070284; -3.7252227; 2.7833008; -0.2128263; 6.5910405; -3.5230802
173.3596809; 24.8501956; -4.0942813; 2.6948355; -0.2337230; 6.3739511; -4.7807038
173.7591272; 24.6567856; -4.4512538; 2.5941620; -0.2544667; 6.0669584; -3.8671634
174.1585734; 24.4315730; -4.7798370; 2.4838191; -0.2950548; 5.8067664; 2.6368001
174.5580197; 24.1744754; -5.0764084; 2.3728004; -0.2714626; 5.9854036; 2.7178341
174.9574660; 23.8846578; -5.3440992; 2.2661704; -0.2232672; 6.1641150; 2.4354290
175.3569122; 23.5686689; -5.5829117; 2.1707619; -0.2252181; 6.3199652; 1.7531781
175.7563585; 23.2243827; -5.7959578; 2.0782863; -0.2366650; 6.4298181; 2.1611409
176.1558048; 22.8712756; -5.9725001; 1.9929839; -0.2015447; 6.5627037; 2.6482291
176.5552510; 22.4985074; -6.1223400; 1.9132503; -0.1972932; 6.7219588; 3.0480075
176.9546973; 22.1146455; -6.2421904; 1.8333719; -0.1997079; 6.9007073; 3.1729264
177.3541436; 21.7266550; -6.3303788; 1.7557861; -0.1911031; 7.0819904; 3.2975240
177.7535899; 21.3308916; -6.3890493; 1.6807863; -0.1817975; 7.2656008; 3.4217828
178.1530361; 20.9316395; -6.4187602; 1.6099558; -0.1729393; 7.4513483; 3.5192985
178.5524824; 20.5322375; -6.4209721; 1.5437005; -0.1587022; 7.6376785; 3.7836816
178.9519287; 20.1330041; -6.3977941; 1.4828671; -0.1434207; 7.8330638; 4.2470463
179.3513749; 19.7362217; -6.3519011; 1.4298198; -0.1224400; 8.0467274; 4.9854776
179.7508212; 19.3412700; -6.2865497; 1.3854994; -0.0977039; 8.2905177; 5.4886749
180.1502675; 18.9508479; -6.2061831; 1.3518186; -0.0719652; 8.5508797; 6.3264507
180.5497137; 18.5617077; -6.1142896; 1.3274938; -0.0492776; 8.8414760; 6.9012548
180.9491600; 18.1752499; -6.0148919; 1.3115862; -0.0338049; 9.1479538; 7.4018037
181.3486063; 17.7902231; -5.9102931; 1.3001791; -0.0233152; 9.4656381; 7.9410934
181.7480526; 17.4055883; -5.8019351; 1.2928898; -0.0131646; 9.7950184; 8.2545458
182.1474988; 17.0216441; -5.6915637; 1.2893319; -0.0059857; 10.1260496; 8.5613775
182.5469451; 16.6382341; -5.5803405; 1.2879004; -0.0012892; 10.4583221; 8.7644913
182.9463914; 16.2545442; -5.4687332; 1.2876425; 0.0000005; 10.7878815; 8.9205113
183.3458376; 15.8710021; -5.3571629; 1.2878138; 0.0004467; 11.1132766; 9.0733717
183.7452839; 15.4875832; -5.2456974; 1.2879227; 0.0001007; 11.4347526; 9.1266232
184.1447302; 15.1038935; -5.1341797; 1.2879648; 0.0001100; 11.7492450; 9.2815935
184.5441764; 14.7203339; -5.0227179; 1.2880087; 0.0000995; 12.0606697; 9.4284924
184.9436227; 14.3368484; -4.9112940; 1.2880423; 0.0000687; 12.3689978; 9.4949882
185.3430690; 13.9531880; -4.7998311; 1.2880658; 0.0000491; 12.6719210; 9.6463717
185.7425152; 13.5696196; -4.6884030; 1.2880818; 0.0000329; 12.9724321; 9.7898343
186.1419615; 13.1860848; -4.5769902; 1.2880925; 0.0000205; 13.2704567; 9.8667053
186.5414078; 12.8024606; -4.4655549; 1.2880986; 0.0000105; 13.5641977; 10.0147051
186.9408541; 12.4188874; -4.3541362; 1.2881014; 0.0000064; 13.8559782; 10.1562067
187.3403003; 12.0353137; -4.2427185; 1.2881044; 0.0000086; 14.1457361; 10.2401334
187.7397466; 11.6517278; -4.1312975; 1.2880996; -0.0000334; 14.4319997; 10.3851103
188.1391929; 11.2681481; -4.0198728; 1.2880781; -0.0000727; 14.7166301; 10.5245900
188.5386391; 10.8845473; -3.9084299; 1.2880419; -0.0001085; 14.9995740; 10.6140095
188.9380854; 10.5009703; -3.7969715; 1.2879594; -0.0003076; 15.2796162; 10.7089922
189.3375317; 10.1173987; -3.6854592; 1.2877318; -0.0011799; 15.5570565; 10.7925971
189.7369779; 9.7338883; -3.5737633; 1.2869417; -0.0027759; 15.8317444; 10.6586919
190.1364242; 9.3504987; -3.4616560; 1.2856227; -0.0038168; 16.0984248; 10.6972514
190.5358705; 8.9672781; -3.3489670; 1.2839432; -0.0043163; 16.3617002; 10.7239333
190.9353167; 8.5842483; -3.2356206; 1.2822346; -0.0042382; 16.6214471; 10.6419684
191.3347630; 8.2014172; -3.1216271; 1.2805520; -0.0041875; 16.8752569; 10.6829250
191.7342093; 7.8187741; -3.0069925; 1.2788908; -0.0041219; 17.1262606; 10.7129647
192.1336556; 7.4363156; -2.8917268; 1.2772608; -0.0040392; 17.3743291; 10.6402799
192.5331018; 7.0540532; -2.7758461; 1.2756569; -0.0039928; 17.6172572; 10.6760653
192.9325481; 6.6719714; -2.6593543; 1.2740687; -0.0039720; 17.8576813; 10.7012878
193.3319944; 6.2900688; -2.5422544; 1.2724808; -0.0039785; 18.0954679; 10.6269329
193.7314406; 5.9083662; -2.4245491; 1.2708701; -0.0040890; 18.3285498; 10.6503322
194.1308869; 5.5268500; -2.3062180; 1.2692048; -0.0043021; 18.5592082; 10.6622819
194.5303332; 5.1455302; -2.1872281; 1.2674214; -0.0046271; 18.7872889; 10.5434346
194.9297794; 4.7644517; -2.0675277; 1.2654155; -0.0054317; 19.0101367; 10.4906064
195.3292257; 4.3836266; -1.9469962; 1.2630477; -0.0066211; 19.2293048; 10.4152512
195.7286720; 4.0031096; -1.8254507; 1.2600809; -0.0082326; 19.4444550; 9.8668102
196.1281182; 3.6230361; -1.7026298; 1.2561864; -0.0113207; 19.6461027; 9.0765010
196.5275645; 3.2435098; -1.5780885; 1.2510509; -0.0143137; 19.8297882; 8.1386937
196.9270108; 2.8646699; -1.4513700; 1.2447703; -0.0171290; 19.9930598; 0.3471512
197.3264571; 2.4867570; -1.3221239; 1.2376936; -0.0182343; 19.9999945; -0.0000004
197.7259033; 2.1097583; -1.1901191; 1.2302539; -0.0187231; 19.9999944; 0.0000001
198.1253496; 1.7337118; -1.0552874; 1.2228059; -0.0185641; 19.9999944; 0.0000002
198.5247959; 1.3587615; -0.9177195; 1.2155492; -0.0177404; 19.9999945; 0.0000002
198.9242421; 0.9847383; -0.7774779; 1.2086515; -0.0166867; 19.9999945; 0.0000002
199.3236884; 0.6116195; -0.6347335; 1.2022445; -0.0153898; 19.9999945; 0.0000002
199.7231347; 0.2394747; -0.4897381; 1.1963947; -0.0138908; 19.9999945; 0.0000002
200.1225809; -0.1319207; -0.3426562; 1.1911504; -0.0123444; 19.9999945; 0.0000002
200.5220272; -0.5026086; -0.1937361; 1.1865375; -0.0107513; 19.9999945; 0.0000001
200.9214735; -0.8725844; -0.0432535; 1.1825612; -0.0091603; 19.9999945; 0.0000001
201.3209197; -1.2420572; 0.1086024; 1.1792188; -0.0075751; 19.9999945; 0.0000001
201.7203660; -1.6110747; 0.2615782; 1.1765085; -0.0059957; 19.9999945; 0.0000001
202.1198123; -1.9796852; 0.4154228; 1.1744131; -0.0045064; 19.9999945; 0.0000000
202.5192586; -2.3480502; 0.5699438; 1.1729140; -0.0029473; 19.9999945; -0.0000000
202.9187048; -2.7162282; 0.7248949; 1.1720755; -0.0012511; 19.9999945; 0.0000000
203.3181511; -3.0843138; 0.8800356; 1.1718183; -0.0001148; 19.9999945; 0.0000000
203.7175974; -3.4523996; 1.0351970; 1.1719669; 0.0007227; 19.9999945; -0.0000001
204.1170436; -3.8205238; 1.1902543; 1.1723445; 0.0011678; 19.9999945; -0.0000000
204.5164899; -4.1887238; 1.3451365; 1.1729401; 0.0018557; 19.9999945; -0.0000001
204.9159362; -4.5570382; 1.4997455; 1.1738307; 0.0026249; 19.9999945; -0.0000001
205.3153824; -4.9255115; 1.6539661; 1.1750466; 0.0034634; 19.9999945; -0.0000001
205.7148287; -5.2942095; 1.8076787; 1.1766223; 0.0044558; 19.9999945; -0.0000001
206.1142750; -5.6631693; 1.9607300; 1.1786111; 0.0055408; 19.9999945; -0.0000001
206.5137212; -6.0324676; 2.1129626; 1.1810678; 0.0067598; 19.9999945; -0.0000001
206.9131675; -6.4021943; 2.2642028; 1.1840334; 0.0081201; 19.9999945; -0.0000001
207.3126138; -6.7723848; 2.4142326; 1.1875591; 0.0095598; 19.9999945; -0.0000001
207.7120601; -7.1431545; 2.5628497; 1.1916861; 0.0111047; 19.9999945; -0.0000001
208.1115063; -7.5145993; 2.7098277; 1.1964379; 0.0126980; 19.9999945; -0.0000001
208.5109526; -7.8867482; 2.8549054; 1.2018311; 0.0142960; 19.9999945; -0.0000001
208.9103989; -8.2597389; 2.9978637; 1.2078520; 0.0158507; 19.9999945; -0.0000001
209.3098451; -8.6336387; 3.1384646; 1.2144686; 0.0172273; 19.9999945; -0.0000001
209.7092914; -9.0084591; 3.2764755; 1.2216063; 0.0184258; 19.9999945; -0.0000001
210.1087377; -9.3843091; 3.4117397; 1.2291250; 0.0192191; 19.9999945; -0.0000000
210.5081839; -9.7611829; 3.5441218; 1.2368745; 0.0194030; 19.9999945; -0.0000093
210.9076302; -10.1390503; 3.6735728; 1.2446008; 0.0190925; 19.9999943; -0.0000472
211.3070765; -10.5179072; 3.8001603; 1.2519717; 0.0178124; 19.9999933; -5.9320598
211.7065228; -10.8976421; 3.9240589; 1.2586847; 0.0154708; 19.8811633; -8.7911439
212.1059690; -11.2781417; 4.0456118; 1.2643001; 0.0126230; 19.7037427; -9.8321218
212.5054153; -11.6592469; 4.1652462; 1.2687490; 0.0096525; 19.5034014; -10.1595432
212.9048616; -12.0408097; 4.2833976; 1.2721443; 0.0076720; 19.2942034; -10.3120171
213.3043078; -12.4227518; 4.4003834; 1.2749141; 0.0063081; 19.0795202; -10.4799213
213.7037541; -12.8049743; 4.5163891; 1.2772984; 0.0056302; 18.8588377; -10.5133270
214.1032004; -13.1874571; 4.6315310; 1.2794566; 0.0052939; 18.6348260; -10.4958806
214.5026466; -13.5702047; 4.7458698; 1.2815437; 0.0052606; 18.4084671; -10.5263005
214.9020929; -13.9531713; 4.8593833; 1.2837827; 0.0059503; 18.1786214; -10.4419679
215.3015392; -14.3364099; 4.9719789; 1.2863916; 0.0073852; 17.9477092; -10.3270818
215.7009854; -14.7200064; 5.0834499; 1.2897146; 0.0092852; 17.7163777; -10.1331705
216.1004317; -15.1039803; 5.1934821; 1.2938567; 0.0114538; 17.4864154; -9.9328554
216.4998780; -15.4884549; 5.3017587; 1.2988431; 0.0134474; 17.2580254; -9.7492606
216.8993243; -15.8735491; 5.4079810; 1.3045904; 0.0153092; 17.0308787; -9.5261102
217.2987705; -16.2592233; 5.5118333; 1.3110432; 0.0170006; 16.8059659; -9.3484118
217.6982168; -16.6456036; 5.6130678; 1.3181622; 0.0186177; 16.5822831; -9.1825854
218.0976631; -17.0328005; 5.7114452; 1.3259121; 0.0201749; 16.3595909; -8.9934486
218.4971093; -17.4206617; 5.8066719; 1.3342696; 0.0216744; 16.1385072; -8.8384218
218.8965556; -17.8093685; 5.8985459; 1.3432259; 0.0231811; 15.9182432; -8.6893100
219.2960019; -18.1990300; 5.9868439; 1.3527902; 0.0246900; 15.6986828; -8.5194508
219.6954481; -18.5893245; 6.0712493; 1.3629357; 0.0261168; 15.4803913; -8.3751179
220.0948944; -18.9805895; 6.1516014; 1.3736639; 0.0276848; 15.2627552; -8.2334290
220.4943407; -19.3728824; 6.2276515; 1.3850745; 0.0294273; 15.0457327; -8.0732132
220.8937869; -19.7656313; 6.2990819; 1.3966402; 0.0284736; 14.8298497; -7.9330356
221.2932332; -20.1593876; 6.3660684; 1.4080099; 0.0296851; 14.6146091; -7.7905930
221.6926795; -20.5541701; 6.4284001; 1.4206489; 0.0335628; 14.4001025; -7.6305055
222.0921258; -20.9495669; 6.4854161; 1.4347489; 0.0370492; 14.1868600; -7.4973966
222.4915720; -21.3460470; 6.5366052; 1.4502655; 0.0402450; 13.9741684; -7.3595704
222.8910183; -21.7428373; 6.5813650; 1.4668418; 0.0428636; 13.7621902; -7.2091039
223.2904646; -22.1412059; 6.6194087; 1.4844905; 0.0453322; 13.5513312; -7.0719970
223.6899108; -22.5394527; 6.6501621; 1.5031391; 0.0478661; 13.3412448; -6.9230554
224.0893571; -22.9378724; 6.6732815; 1.5226817; 0.0501760; 13.1323279; -6.7474853
224.4888034; -23.3381593; 6.6884724; 1.5431568; 0.0519469; 12.9254601; -6.5867009
224.8882496; -23.7373065; 6.6953166; 1.5642574; 0.0535423; 12.7202773; -6.4119585
225.2876959; -24.1356181; 6.6936465; 1.5857936; 0.0546368; 12.5173075; -6.1707824
225.6871422; -24.5363132; 6.6832337; 1.6077835; 0.0550141; 12.3188147; -5.9576248
226.0865884; -24.9352561; 6.6640728; 1.6298141; 0.0552961; 12.1240956; -5.7330292
226.4860347; -25.3326517; 6.6361978; 1.6518298; 0.0552985; 11.9337178; -5.4626185
226.8854810; -25.7301636; 6.5994887; 1.6739260; 0.0551611; 11.7494500; -5.5109405
227.2849273; -26.1267080; 6.5540044; 1.6961671; 0.0562861; 11.5605763; -5.9038711
227.6843735; -26.5211952; 6.4997756; 1.7187585; 0.0578255; 11.3547508; -6.4592989
228.0838198; -26.9150978; 6.4363713; 1.7422051; 0.0620228; 11.1252003; -7.2653742
228.4832661; -27.3082896; 6.3629291; 1.7694318; 0.0729729; 10.8612075; -8.6638149
228.8827123; -27.6947327; 6.2789798; 1.8008871; 0.0857513; 10.5377593; -9.3777269
229.2821586; -28.0826788; 6.1809727; 1.8345390; 0.0684514; 10.1760785; -9.9918742
229.6816049; -28.4700726; 6.0718083; 1.8537597; 0.0290483; 9.7759982; -10.5139606
230.0810511; -28.8528257; 5.9590847; 1.8583207; -0.0057678; 9.3365206; -10.2076592
230.4804974; -29.2388845; 5.8463420; 1.8493182; -0.0388472; 8.8890828; -9.8818629
230.8799437; -29.6248452; 5.7401631; 1.8267889; -0.0750946; 8.4333414; -9.2345178
231.2793899; -30.0172513; 5.6448938; 1.7888432; -0.1109070; 7.9839752; -8.5746154
231.6788362; -30.4062235; 5.5687786; 1.7360679; -0.1551583; 7.5427888; -7.4581026
232.0782825; -30.8054434; 5.5156726; 1.6675734; -0.1924663; 7.1369069; -6.5074362
232.4777288; -31.2069174; 5.4940049; 1.5785225; -0.2431125; 6.7628913; -5.2077648
232.8771750; -31.5982693; 5.5104224; 1.4772657; -0.2609240; 6.4479651; -4.4945727
233.2766213; -31.9871944; 5.5655511; 1.3824653; -0.2516726; 6.1632437; -5.2797763
233.6760676; -32.3741201; 5.6599609; 1.2789878; -0.2734739; 5.8109895; -6.6084360
234.0755138; -32.7505936; 5.7969141; 1.1621132; -0.3139708; 5.3374310; -7.9718713
234.4749601; -33.1077088; 5.9806422; 1.0259420; -0.3606733; 4.7031373; -9.0221153
234.8744064; -33.4337909; 6.2136603; 0.8709665; -0.4168236; 3.8615800; 3.4799466
235.2738526; -33.7175416; 6.4937774; 0.7168090; -0.3583504; 4.2061745; 0.2351747
235.6732989; -33.9583494; 6.8128817; 0.5752388; -0.3665263; 4.2284492; -0.2731321
236.0727452; -34.1493068; 7.1624810; 0.4234376; -0.3773385; 4.2025682; 3.5039505
236.4721914; -34.2868155; 7.5375809; 0.2827488; -0.3261058; 4.5233682; 3.0877427
236.8716377; -34.3736362; 7.9268177; 0.1574473; -0.3059855; 4.7882809; 2.9674902
237.2710840; -34.4123314; 8.3252748; 0.0371100; -0.2927302; 5.0297455; 2.8508712
237.6705303; -34.4040114; 8.7249367; -0.0782641; -0.2837616; 5.2512741; 2.7129334
238.0699765; -34.3506521; 9.1202824; -0.1896154; -0.2772945; 5.4537347; 2.6048083
238.4694228; -34.2532533; 9.5100342; -0.2995244; -0.2695525; 5.6412927; 2.5641514
238.8688691; -34.1144195; 9.8865889; -0.4059382; -0.2559771; 5.8200228; 2.5464527
239.2683153; -33.9389545; 10.2442078; -0.5062766; -0.2541921; 5.9922456; 2.5485730
239.6677616; -33.7309375; 10.5791805; -0.6045346; -0.2493070; 6.1597925; 2.5676234
240.0672079; -33.4911081; 10.8933902; -0.6969680; -0.2241951; 6.3241046; 2.6785428
240.4666541; -33.2205507; 11.1884635; -0.7869473; -0.2223310; 6.4910836; 2.8834882
240.8661004; -32.9238156; 11.4589950; -0.8761230; -0.2216157; 6.6661656; 3.0080969
241.2655467; -32.6092880; 11.6989437; -0.9612603; -0.2101649; 6.8440419; 3.1235125
241.6649930; -32.2715843; 11.9143837; -1.0437451; -0.1979466; 7.0239775; 3.2340491
242.0644392; -31.9158718; 12.1032078; -1.1211926; -0.1872101; 7.2055477; 3.3485619
242.4638855; -31.5511569; 12.2633078; -1.1919558; -0.1698101; 7.3888470; 3.4629258
242.8633318; -31.1742895; 12.3989893; -1.2576691; -0.1576326; 7.5737418; 3.5749743
243.2627780; -30.7904304; 12.5103578; -1.3184921; -0.1474291; 7.7599991; 3.7287271
243.6622243; -30.4007567; 12.5987644; -1.3766655; -0.1437289; 7.9496187; 3.8758167
244.0616706; -30.0069331; 12.6646323; -1.4330745; -0.1372754; 8.1420390; 4.0459290
244.4611168; -29.6100339; 12.7088533; -1.4859595; -0.1276394; 8.3381689; 4.4254046
244.8605631; -29.2112683; 12.7328188; -1.5348606; -0.1169789; 8.5475426; 4.6724919
245.2600094; -28.8119363; 12.7381279; -1.5794302; -0.1062836; 8.7631788; 4.9949124
245.6594556; -28.4126998; 12.7264806; -1.6198017; -0.0958875; 8.9879754; 5.3290258
246.0589019; -28.0141106; 12.6995347; -1.6561551; -0.0862476; 9.2217688; 5.5788870
246.4583482; -27.6168071; 12.6588858; -1.6887366; -0.0770981; 9.4603357; 5.8976937
246.8577945; -27.2208600; 12.6059986; -1.7178736; -0.0687854; 9.7061617; 6.1768185
247.2572407; -26.8264565; 12.5422333; -1.7437950; -0.0611896; 9.9571175; 6.4188579
247.6566870; -26.4339346; 12.4688855; -1.7667822; -0.0540502; 10.2113744; 6.7231920
248.0561333; -26.0428632; 12.3870190; -1.7871035; -0.0476660; 10.4710684; 6.9836646
248.4555795; -25.6534605; 12.2977246; -1.8049236; -0.0417184; 10.7341731; 7.2296970
248.8550258; -25.2658644; 12.2020196; -1.8204458; -0.0360761; 10.9999192; 7.5498530
249.2544721; -24.8793171; 12.1006291; -1.8338452; -0.0309715; 11.2707473; 7.8230605
249.6539183; -24.4942254; 11.9945089; -1.8452168; -0.0260791; 11.5446753; 8.0916875
250.0533646; -24.1104701; 11.8844442; -1.8546842; -0.0213428; 11.8213332; 8.4613743
250.4528109; -23.7273154; 11.7710024; -1.8623060; -0.0167923; 12.1038691; 4.1965055
250.8522571; -23.3451797; 11.6550784; -1.8679668; -0.0109495; 12.2415768; 13.6308376
251.2517034; -22.9634919; 11.5374740; -1.8709274; -0.0038689; 12.6785558; 9.4656192
